First Column,Second Column,Twelfth Column
AF-G4VM28-F1-model_v4,36.81,15
AF-A0A5K4EID3-F1-model_v4,32.03,23
AF-A0A5K4EP28-F1-model_v4,40.75,24
AF-A0A5K4EXK4-F1-model_v4,33.43,25
AF-A0A5K4FAI2-F1-model_v4,30.84,26
AF-A0A3Q0KLL3-F1-model_v4,47.08,26
AF-A0A5K4FAY7-F1-model_v4,53.82,27
AF-A0A3Q0KJ11-F1-model_v4,34.95,28
AF-A0A5K4FC90-F1-model_v4,32.59,29
AF-A0A5K4EME8-F1-model_v4,35.64,30
AF-A0A5K4F1B6-F1-model_v4,62.44,30
AF-A0A5K4EMQ7-F1-model_v4,41.49,31
AF-C4QSB3-F1-model_v4,32.66,31
AF-A0A3Q0KBQ1-F1-model_v4,50.15,31
AF-A0A3Q0KSW0-F1-model_v4,36.62,31
AF-A0A5K4F8S7-F1-model_v4,40.6,32
AF-A0A5K4F5Z1-F1-model_v4,42.22,32
AF-A0A3Q0KUH6-F1-model_v4,37.88,37
AF-A0A5K4ELY9-F1-model_v4,43.02,37
AF-A0A5K4FC95-F1-model_v4,38.96,37
AF-A0A3Q0KDD5-F1-model_v4,32.49,38
AF-A0A5K4F0D7-F1-model_v4,85.26,38
AF-A0A5K4F3H8-F1-model_v4,31.13,39
AF-A0A5K4FA76-F1-model_v4,68.94,40
AF-A0A5K4F0X7-F1-model_v4,60.46,42
AF-A0A5K4FA90-F1-model_v4,47.13,42
AF-A0A5K4EJI5-F1-model_v4,35.18,43
AF-A0A5K4FAJ7-F1-model_v4,35.61,45
AF-A0A5K4EWD5-F1-model_v4,50.71,45
AF-A0A5K4F352-F1-model_v4,82.27,45
AF-A0A5K4FCF9-F1-model_v4,41.75,46
AF-A0A5K4F874-F1-model_v4,54.92,49
AF-A0A5K4FF34-F1-model_v4,39.62,49
AF-G4LW69-F1-model_v4,35.35,49
AF-A0A5K4FFY7-F1-model_v4,37.69,50
AF-A0A3Q0KBR2-F1-model_v4,46.45,50
AF-A0A5K4FCF2-F1-model_v4,46.2,54
AF-A0A5K4F584-F1-model_v4,131.1,57
AF-A0A5K4F6P0-F1-model_v4,83.09,58
AF-A0A5K4F7Y9-F1-model_v4,41.06,61
AF-A0A5K4F5W5-F1-model_v4,51.5,62
AF-G4V647-F1-model_v4,33.74,62
AF-A0A5K4EKI7-F1-model_v4,32.37,63
AF-A0A3Q0KSN0-F1-model_v4,36.13,63
AF-A0A5K4F7C7-F1-model_v4,37.0,64
AF-A0A5K4F3M0-F1-model_v4,51.61,64
AF-A0A5K4FB56-F1-model_v4,30.95,65
AF-A0A5K4FC36-F1-model_v4,36.03,65
AF-A0A3Q0KRI4-F1-model_v4,63.22,69
AF-A0A5K4FDI9-F1-model_v4,38.72,71
AF-A0A5K4F3N3-F1-model_v4,31.32,73
AF-A0A5K4F2J0-F1-model_v4,32.42,80
AF-A0A5K4F0H7-F1-model_v4,47.68,83
AF-A0A3Q0KKR7-F1-model_v4,52.96,83
AF-A0A5K4EM61-F1-model_v4,30.53,86
AF-A0A5K4F2B2-F1-model_v4,54.39,87
AF-A0A3Q0KRR5-F1-model_v4,29.97,90
AF-A0A5K4F6I6-F1-model_v4,37.28,91
AF-A0A3Q0KU30-F1-model_v4,31.39,91
AF-A0A3Q0KPL0-F1-model_v4,31.31,95
AF-A0A3Q0KVH3-F1-model_v4,42.98,97
AF-G4V800-F1-model_v4,31.74,99
AF-A0A5K4FE65-F1-model_v4,33.17,101
AF-A0A5K4F6L3-F1-model_v4,42.44,102
AF-A0A5K4F769-F1-model_v4,42.66,107
AF-A0A5K4F411-F1-model_v4,42.77,107
AF-A0A5K4FDW4-F1-model_v4,42.84,108
AF-A0A5K4EJR6-F1-model_v4,54.23,112
AF-A0A5K4F8D9-F1-model_v4,34.97,115
AF-A0A3Q0KIY6-F1-model_v4,34.25,117
AF-G4VS89-F1-model_v4,37.25,118
AF-A0A5K4F6Q9-F1-model_v4,35.75,120
AF-A0A3Q0KLB1-F1-model_v4,30.39,121
AF-A0A5K4F616-F1-model_v4,37.22,122
AF-A0A3Q0KJ00-F1-model_v4,30.26,122
AF-G4VLE5-F1-model_v4,34.09,125
AF-A0A5K4F2V7-F1-model_v4,35.3,125
AF-A0A5K4F8F2-F1-model_v4,260.55,126
AF-A0A3Q0KK89-F1-model_v4,51.21,127
AF-G4VMG7-F1-model_v4,47.27,127
AF-A0A5K4FBI1-F1-model_v4,38.71,129
AF-A0A5K4EF28-F1-model_v4,46.03,133
AF-A0A5K4EVK1-F1-model_v4,37.07,140
AF-A0A3Q0KFA9-F1-model_v4,42.34,141
AF-A0A5K4F778-F1-model_v4,38.85,141
AF-A0A5K4ENT7-F1-model_v4,39.87,142
AF-A0A5K4F0E6-F1-model_v4,36.17,150
AF-A0A3Q0KUD4-F1-model_v4,43.23,152
AF-A0A5K4FC50-F1-model_v4,29.84,152
AF-A0A5K4EXT8-F1-model_v4,43.13,152
AF-A0A3Q0KL83-F1-model_v4,48.83,153
AF-A0A3Q0KGI7-F1-model_v4,42.02,154
AF-A0A5K4ESX8-F1-model_v4,34.91,154
AF-A0A5K4FC70-F1-model_v4,30.41,163
AF-A0A5K4F209-F1-model_v4,32.62,163
AF-A0A3Q0KR00-F1-model_v4,42.55,165
AF-A0A5K4F2P5-F1-model_v4,38.96,171
AF-A0A5K4F822-F1-model_v4,32.71,174
AF-A0A3Q0KLZ2-F1-model_v4,36.42,174
AF-A0A5K4F0F9-F1-model_v4,42.27,187
AF-A0A3Q0KSU1-F1-model_v4,56.42,187
AF-G4LZC6-F1-model_v4,45.41,188
AF-A0A3Q0KL75-F1-model_v4,35.51,191
AF-A0A5K4F969-F1-model_v4,35.76,192
AF-A0A5K4FAB0-F1-model_v4,76.8,199
AF-A0A5K4F5V0-F1-model_v4,37.43,202
AF-A0A3Q0KR39-F1-model_v4,39.85,219
AF-A0A5K4EVT8-F1-model_v4,50.83,220
AF-A0A5K4FDE4-F1-model_v4,33.54,226
AF-A0A5K4F399-F1-model_v4,34.48,229
AF-A0A3Q0KTZ3-F1-model_v4,46.79,232
AF-A0A5K4EQN3-F1-model_v4,31.93,239
AF-A0A5K4F8U5-F1-model_v4,36.34,241
AF-A0A3Q0KUA9-F1-model_v4,38.57,243
AF-A0A5K4FCW5-F1-model_v4,33.4,247
AF-A0A5K4FBC7-F1-model_v4,61.86,250
AF-A0A3Q0KTX9-F1-model_v4,36.89,251
AF-A0A3Q0KQH8-F1-model_v4,65.56,253
AF-A0A3Q0KTI4-F1-model_v4,53.01,256
AF-A0A5K4F4S0-F1-model_v4,38.09,271
AF-A0A5K4FEN0-F1-model_v4,37.13,272
AF-A0A5K4F3I8-F1-model_v4,38.99,273
AF-G4VQB1-F1-model_v4,38.13,275
AF-A0A5K4F7R5-F1-model_v4,64.71,275
AF-A0A3Q0KN14-F1-model_v4,30.95,279
AF-A0A5K4F3S3-F1-model_v4,36.93,279
AF-A0A3Q0KSN7-F1-model_v4,34.6,287
AF-A0A3Q0KUG4-F1-model_v4,33.36,288
AF-A0A5K4EHM1-F1-model_v4,30.39,295
AF-A0A3Q0KU64-F1-model_v4,45.61,295
AF-A0A3Q0KQ73-F1-model_v4,91.97,295
AF-A0A3Q0KCT4-F1-model_v4,75.15,297
AF-A0A3Q0KMF5-F1-model_v4,56.45,300
AF-G4VR23-F1-model_v4,53.34,302
AF-A0A3Q0KCG8-F1-model_v4,37.3,308
AF-A0A3Q0KRV0-F1-model_v4,34.12,308
AF-A0A5K4F587-F1-model_v4,80.41,309
AF-A0A5K4FFY1-F1-model_v4,32.94,319
AF-A0A3Q0KQ19-F1-model_v4,32.76,323
AF-A0A3Q0KVJ2-F1-model_v4,46.47,324
AF-A0A3Q0KIK8-F1-model_v4,44.37,324
AF-A0A5K4FH19-F1-model_v4,40.25,325
AF-A0A3Q0KKY7-F1-model_v4,52.79,330
AF-A0A5K4EKV4-F1-model_v4,47.41,332
AF-A0A5K4F7H3-F1-model_v4,46.66,333
AF-A0A3Q0KTZ8-F1-model_v4,30.57,339
AF-G4LZ90-F1-model_v4,83.28,340
AF-A0A5K4FB00-F1-model_v4,32.49,340
AF-A0A5K4FD45-F1-model_v4,72.62,342
AF-A0A3Q0KV61-F1-model_v4,54.53,342
AF-A0A3Q0KLE6-F1-model_v4,39.78,346
AF-A0A5K4EX03-F1-model_v4,30.47,351
AF-A0A5K4EC07-F1-model_v4,36.86,351
AF-A0A5K4ETB1-F1-model_v4,36.53,357
AF-A0A3Q0KQ71-F1-model_v4,37.1,358
AF-A0A5K4ET18-F1-model_v4,66.54,360
AF-A0A5K4F7X4-F1-model_v4,31.49,360
AF-A0A5K4F858-F1-model_v4,42.4,364
AF-A0A5K4F163-F1-model_v4,61.46,365
AF-A0A3Q0KMQ5-F1-model_v4,29.9,369
AF-A0A3Q0KKT8-F1-model_v4,49.68,370
AF-A0A3Q0KP54-F1-model_v4,40.51,374
AF-A0A3Q0KLI0-F1-model_v4,93.13,377
AF-A0A3Q0KQR4-F1-model_v4,32.0,378
AF-A0A3Q0KLV5-F1-model_v4,43.9,380
AF-A0A5K4F6A0-F1-model_v4,41.59,380
AF-G4LVC5-F1-model_v4,33.63,382
AF-G4VAR9-F1-model_v4,36.84,382
AF-A0A3Q0KL03-F1-model_v4,42.57,383
AF-A0A5K4EJM3-F1-model_v4,38.48,383
AF-A0A3Q0KF51-F1-model_v4,67.22,384
AF-C4QJY1-F1-model_v4,40.55,384
AF-A0A3Q0KL74-F1-model_v4,48.73,385
AF-A0A5K4F3V5-F1-model_v4,31.34,385
AF-A0A3Q0KPP0-F1-model_v4,38.29,385
AF-A0A5K4F002-F1-model_v4,56.34,385
AF-A0A3Q0KR97-F1-model_v4,37.31,385
AF-A0A3Q0KN47-F1-model_v4,35.28,387
AF-G4LU85-F1-model_v4,32.5,389
AF-A0A5K4FD31-F1-model_v4,49.3,390
AF-G4VPX7-F1-model_v4,50.2,390
AF-A0A3Q0KMQ6-F1-model_v4,70.99,392
AF-A0A3Q0KT31-F1-model_v4,38.68,394
AF-A0A5K4EHQ5-F1-model_v4,35.01,394
AF-A0A3Q0KDN0-F1-model_v4,35.02,397
AF-A0A5K4EVE9-F1-model_v4,47.08,397
AF-A0A3Q0KSM6-F1-model_v4,31.69,398
AF-G4LVW2-F1-model_v4,60.27,399
AF-G4VTB6-F1-model_v4,33.83,401
AF-G4VFU5-F1-model_v4,44.36,403
AF-A0A5K4EPL3-F1-model_v4,49.57,404
AF-A0A3Q0KPK9-F1-model_v4,40.63,405
AF-A0A3Q0KMT8-F1-model_v4,32.63,407
AF-A0A5K4EZF0-F1-model_v4,30.97,409
AF-A0A3Q0KRY2-F1-model_v4,42.14,410
AF-A0A3Q0KIK1-F1-model_v4,40.06,411
AF-G4LU86-F1-model_v4,32.26,411
AF-A0A3Q0KSS1-F1-model_v4,36.56,414
AF-A0A3Q0KK74-F1-model_v4,42.88,415
AF-A0A5K4ELP7-F1-model_v4,51.81,417
AF-A0A3Q0KBA5-F1-model_v4,46.82,421
AF-A0A5K4F657-F1-model_v4,43.12,421
AF-A0A3Q0KNI2-F1-model_v4,32.87,421
AF-A0A5K4F7D3-F1-model_v4,46.94,422
AF-A0A5K4F5F9-F1-model_v4,36.49,423
AF-A0A3Q0KBF0-F1-model_v4,41.96,423
AF-A0A3Q0KDD4-F1-model_v4,38.98,423
AF-G4VA20-F1-model_v4,35.76,425
AF-A0A5K4F4V0-F1-model_v4,45.07,425
AF-A0A5K4F023-F1-model_v4,38.76,426
AF-A0A3Q0KKV8-F1-model_v4,32.47,428
AF-A0A5K4FB84-F1-model_v4,43.34,428
AF-A0A3Q0KCK2-F1-model_v4,53.34,428
AF-A0A3Q0KQU1-F1-model_v4,45.96,428
AF-A0A5K4E959-F1-model_v4,65.06,431
AF-A0A5K4F661-F1-model_v4,47.06,432
AF-A0A3Q0KQF5-F1-model_v4,35.38,432
AF-A0A3Q0KJX9-F1-model_v4,37.57,432
AF-A0A5K4EFB2-F1-model_v4,59.95,434
AF-G4VA47-F1-model_v4,34.36,434
AF-G4VK92-F1-model_v4,36.32,435
AF-A0A5K4F147-F1-model_v4,30.19,438
AF-G4VDS9-F1-model_v4,73.8,440
AF-A0A5K4EST7-F1-model_v4,34.7,443
AF-G4LUC7-F1-model_v4,37.05,452
AF-G4VJX2-F1-model_v4,44.72,454
AF-G4VEC4-F1-model_v4,63.48,458
AF-A0A5K4FD69-F1-model_v4,57.91,466
AF-A0A5K4E8H5-F1-model_v4,62.48,468
AF-G4VBH2-F1-model_v4,44.57,470
AF-A0A5K4FD30-F1-model_v4,33.27,471
AF-A0A5K4FC46-F1-model_v4,83.06,476
AF-A0A3Q0KN23-F1-model_v4,31.18,477
AF-A0A5K4FC26-F1-model_v4,37.97,478
AF-A0A3Q0KBK4-F1-model_v4,47.84,479
AF-G4V8Y9-F1-model_v4,55.8,481
AF-A0A5K4FA29-F1-model_v4,35.9,486
AF-G4VCN1-F1-model_v4,38.9,488
AF-A0A5K4F257-F1-model_v4,41.81,494
AF-A0A3Q0KPS5-F1-model_v4,29.97,496
AF-G4V9U1-F1-model_v4,32.86,499
AF-A0A3Q0KHM5-F1-model_v4,31.27,502
AF-A0A3Q0KFK3-F1-model_v4,55.38,502
AF-A0A3Q0KT44-F1-model_v4,32.97,503
AF-A0A5K4FCE6-F1-model_v4,56.98,503
AF-A0A5K4E8E8-F1-model_v4,78.2,504
AF-A0A5K4EJS8-F1-model_v4,30.5,506
AF-A0A3Q0KLU7-F1-model_v4,35.56,514
AF-A0A5K4F2X6-F1-model_v4,36.7,514
AF-A0A3Q0KL59-F1-model_v4,37.5,518
AF-G4VE75-F1-model_v4,46.15,520
AF-A0A3Q0KFI6-F1-model_v4,51.24,523
AF-A0A5K4F7B6-F1-model_v4,30.95,525
AF-A0A5K4E9H4-F1-model_v4,34.15,525
AF-A0A5K4EKI6-F1-model_v4,30.68,528
AF-A0A5K4EGT7-F1-model_v4,49.27,529
AF-A0A3Q0KKL2-F1-model_v4,71.88,533
AF-G4VLI4-F1-model_v4,68.62,533
AF-A0A5K4EBP0-F1-model_v4,39.33,535
AF-A0A3Q0KUP2-F1-model_v4,43.04,535
AF-A0A5K4F0W2-F1-model_v4,36.16,537
AF-A0A3Q0KSD9-F1-model_v4,71.65,538
AF-A0A3Q0KSU3-F1-model_v4,42.78,543
AF-A0A5K4ELW9-F1-model_v4,31.48,547
AF-A0A3Q0KD33-F1-model_v4,33.08,547
AF-A0A5K4F5Z6-F1-model_v4,31.06,549
AF-A0A5K4EQE0-F1-model_v4,79.91,549
AF-A0A5K4F550-F1-model_v4,74.13,553
AF-A0A3Q0KBX9-F1-model_v4,59.77,554
AF-A0A3Q0KDT8-F1-model_v4,34.49,556
AF-A0A3Q0KRM3-F1-model_v4,39.97,557
AF-A0A3Q0KMD8-F1-model_v4,47.67,558
AF-A0A5K4F3S7-F1-model_v4,35.04,558
AF-G4VJ36-F1-model_v4,42.27,560
AF-A0A5K4FCN8-F1-model_v4,65.25,564
AF-A0A5K4FCZ3-F1-model_v4,34.1,566
AF-A0A5K4EBF9-F1-model_v4,32.96,567
AF-A0A5K4ENC9-F1-model_v4,41.59,567
AF-A0A3Q0KDM8-F1-model_v4,61.6,568
AF-A0A5K4ERU5-F1-model_v4,29.84,569
AF-A0A5K4F1P0-F1-model_v4,32.83,570
AF-A0A5K4EX30-F1-model_v4,52.35,570
AF-G4V9S9-F1-model_v4,61.85,576
AF-A0A3Q0KNF9-F1-model_v4,65.63,576
AF-A0A5K4EEF2-F1-model_v4,38.2,577
AF-A0A5K4ELI8-F1-model_v4,55.23,581
AF-A0A3Q0KN17-F1-model_v4,53.44,582
AF-G4M0S3-F1-model_v4,38.45,583
AF-A0A5K4EDY2-F1-model_v4,33.56,584
AF-A0A3Q0KHZ5-F1-model_v4,67.33,588
AF-A0A5K4F9Q2-F1-model_v4,38.68,588
AF-A0A5K4EPA9-F1-model_v4,46.33,589
AF-A0A5K4FBV1-F1-model_v4,60.16,589
AF-A0A5K4FC54-F1-model_v4,36.08,591
AF-G4V7H9-F1-model_v4,40.0,591
AF-A0A3Q0KPS7-F1-model_v4,68.89,593
AF-A0A5K4F091-F1-model_v4,49.65,593
AF-A0A3Q0KBY0-F1-model_v4,32.76,594
AF-A0A3Q0KR83-F1-model_v4,32.3,595
AF-A0A5K4FBU8-F1-model_v4,33.26,600
AF-A0A5K4F192-F1-model_v4,55.83,601
AF-G4V7W3-F1-model_v4,32.01,602
AF-A0A3Q0KKW1-F1-model_v4,33.99,602
AF-G4V9K3-F1-model_v4,36.64,604
AF-A0A5K4FCD6-F1-model_v4,56.53,607
AF-A0A3Q0KPW7-F1-model_v4,34.92,610
AF-A0A5K4FA44-F1-model_v4,65.34,610
AF-A0A3Q0KCH5-F1-model_v4,30.83,611
AF-G4VJL7-F1-model_v4,70.23,613
AF-A0A3Q0KMB4-F1-model_v4,44.78,615
AF-A0A5K4FBB6-F1-model_v4,35.71,615
AF-A0A3Q0KLE9-F1-model_v4,33.77,617
AF-G4VN60-F1-model_v4,31.32,618
AF-A0A3Q0KR05-F1-model_v4,61.48,618
AF-A0A3Q0KQS0-F1-model_v4,50.8,618
AF-A0A5K4FA91-F1-model_v4,37.0,619
AF-A0A5K4EPS1-F1-model_v4,52.4,619
AF-A0A5K4F4F6-F1-model_v4,33.67,621
AF-A0A5K4FAI6-F1-model_v4,30.22,621
AF-A0A3Q0KFG8-F1-model_v4,30.0,622
AF-A0A5K4EEB3-F1-model_v4,36.74,626
AF-A0A5K4F7P0-F1-model_v4,45.76,628
AF-A0A3Q0KSB3-F1-model_v4,38.43,631
AF-A0A5K4EQH1-F1-model_v4,35.21,632
AF-A0A5K4F1J5-F1-model_v4,49.64,633
AF-A0A5K4EY49-F1-model_v4,61.22,633
AF-A0A3Q0KS10-F1-model_v4,39.35,635
AF-A0A3Q0KBA3-F1-model_v4,51.86,635
AF-A0A3Q0KS00-F1-model_v4,47.63,637
AF-C4PYV8-F1-model_v4,34.25,638
AF-A0A3Q0KM97-F1-model_v4,41.17,639
AF-A0A3Q0KQN8-F1-model_v4,49.58,640
AF-G4LYA6-F1-model_v4,31.0,642
AF-A0A5K4ENG5-F1-model_v4,33.56,644
AF-A0A5K4F646-F1-model_v4,34.56,645
AF-A0A5K4EWB4-F1-model_v4,54.42,645
AF-A0A3Q0KNC2-F1-model_v4,48.6,645
AF-C4PYV9-F1-model_v4,40.46,651
AF-A0A5K4F036-F1-model_v4,46.73,653
AF-A0A5K4F2Z9-F1-model_v4,35.33,653
AF-A0A5K4EI56-F1-model_v4,32.49,655
AF-A0A5K4EXN7-F1-model_v4,59.33,656
AF-A0A5K4ELL5-F1-model_v4,36.97,657
AF-A0A5K4F074-F1-model_v4,44.15,657
AF-A0A3Q0KMY9-F1-model_v4,47.2,659
AF-A0A3Q0KKU8-F1-model_v4,34.59,659
AF-A0A5K4F7J2-F1-model_v4,36.94,660
AF-A0A5K4F2E4-F1-model_v4,47.04,660
AF-A0A3Q0KSQ4-F1-model_v4,52.16,661
AF-G4VJ07-F1-model_v4,30.93,661
AF-A0A5K4EPG4-F1-model_v4,51.86,663
AF-Q15ES5-F1-model_v4,32.74,667
AF-A0A5K4EE38-F1-model_v4,43.16,669
AF-A0A5K4F1Z4-F1-model_v4,64.44,669
AF-A0A5K4FA21-F1-model_v4,73.75,670
AF-A0A3Q0KQ65-F1-model_v4,32.62,673
AF-A0A3Q0KED4-F1-model_v4,72.47,673
AF-A0A3Q0KPS2-F1-model_v4,30.09,673
AF-A0A5K4FD60-F1-model_v4,57.64,675
AF-A0A3Q0KQN6-F1-model_v4,52.68,676
AF-A0A3Q0KCT3-F1-model_v4,53.71,677
AF-A0A5K4F1T2-F1-model_v4,33.11,679
AF-A0A5K4F1G9-F1-model_v4,33.22,679
AF-P29498-F1-model_v4,33.8,680
AF-A0A3Q0KSW6-F1-model_v4,44.13,681
AF-A0A5K4FB76-F1-model_v4,68.0,682
AF-A0A3Q0KBZ4-F1-model_v4,48.67,682
AF-A0A3Q0KSY3-F1-model_v4,32.3,683
AF-A0A5K4FD01-F1-model_v4,49.71,684
AF-Q15EU2-F1-model_v4,39.66,684
AF-A0A5K4FC33-F1-model_v4,49.42,685
AF-A0A5K4ER92-F1-model_v4,46.46,686
AF-A0A5K4F9D3-F1-model_v4,65.72,687
AF-A0A3Q0KL96-F1-model_v4,37.83,687
AF-A0A5K4EUU6-F1-model_v4,57.12,687
AF-A0A5K4FAL6-F1-model_v4,72.35,690
AF-A0A5K4FCL5-F1-model_v4,42.6,690
AF-A0A3Q0KFG9-F1-model_v4,40.38,693
AF-A0A3Q0KJZ0-F1-model_v4,29.88,693
AF-A0A3Q0KNW8-F1-model_v4,44.92,695
AF-A0A5K4F9Q3-F1-model_v4,34.78,696
AF-A0A3Q0KRK8-F1-model_v4,104.09,697
AF-A0A5K4ELP5-F1-model_v4,30.37,698
AF-A0A3Q0KLN9-F1-model_v4,64.95,700
AF-A0A5K4EU70-F1-model_v4,48.38,700
AF-A0A3Q0KPX9-F1-model_v4,63.39,704
AF-A0A5K4FF57-F1-model_v4,30.56,704
AF-G4VG91-F1-model_v4,31.94,704
AF-A0A3Q0KC98-F1-model_v4,74.29,705
AF-A0A5K4EM75-F1-model_v4,46.41,705
AF-A0A5K4FDY6-F1-model_v4,39.48,706
AF-A0A3Q0KE29-F1-model_v4,34.52,708
AF-A0A3Q0KP86-F1-model_v4,37.48,710
AF-A0A5K4EL52-F1-model_v4,38.85,710
AF-G4LZJ7-F1-model_v4,42.64,711
AF-A0A5K4FEE5-F1-model_v4,35.15,711
AF-A0A3Q0KIN6-F1-model_v4,31.55,712
AF-A0A5K4FEI3-F1-model_v4,30.43,713
AF-A0A5K4EDL2-F1-model_v4,35.05,713
AF-A0A5K4FCZ7-F1-model_v4,50.46,714
AF-A0A3Q0KK66-F1-model_v4,49.37,715
AF-A0A3Q0KRI9-F1-model_v4,54.32,715
AF-G4VA64-F1-model_v4,33.61,718
AF-G4V884-F1-model_v4,33.2,722
AF-A0A3Q0KKR6-F1-model_v4,52.7,723
AF-A0A5K4EFP1-F1-model_v4,46.17,723
AF-G4VI72-F1-model_v4,51.96,724
AF-A0A3Q0KVC3-F1-model_v4,50.65,724
AF-A0A5K4FDF8-F1-model_v4,59.89,726
AF-A0A5K4FAY9-F1-model_v4,35.49,726
AF-A0A5K4FAU9-F1-model_v4,39.16,726
AF-G4VIY8-F1-model_v4,48.71,729
AF-G4VKQ6-F1-model_v4,29.9,729
AF-A0A5K4F5G7-F1-model_v4,78.11,729
AF-A0A5K4ER72-F1-model_v4,51.05,730
AF-A0A3Q0KMF1-F1-model_v4,37.77,733
AF-G4VPL7-F1-model_v4,39.45,734
AF-C4Q8W8-F1-model_v4,46.51,735
AF-G4VIY7-F1-model_v4,49.56,736
AF-A0A3Q0KF40-F1-model_v4,41.02,740
AF-A0A3Q0KDJ2-F1-model_v4,33.3,743
AF-A0A3Q0KRC2-F1-model_v4,72.15,746
AF-G4LZ15-F1-model_v4,55.14,749
AF-A0A3Q0KMF7-F1-model_v4,38.24,749
AF-A0A3Q0KTS7-F1-model_v4,72.51,750
AF-A0A3Q0KVL2-F1-model_v4,34.28,752
AF-A0A5K4F6G6-F1-model_v4,33.52,757
AF-G4V8Y8-F1-model_v4,63.49,758
AF-A0A5K4F8L4-F1-model_v4,31.51,760
AF-A0A5K4F0I5-F1-model_v4,50.88,763
AF-A0A5K4ER68-F1-model_v4,58.33,763
AF-A0A3Q0KUK3-F1-model_v4,38.71,764
AF-A0A5K4F725-F1-model_v4,34.46,767
AF-A0A5K4EQ68-F1-model_v4,36.74,768
AF-G4LUI0-F1-model_v4,32.06,769
AF-A0A3Q0KT12-F1-model_v4,66.15,771
AF-A0A5K4EFH7-F1-model_v4,30.56,773
AF-A0A3Q0KJU7-F1-model_v4,31.41,773
AF-A0A5K4F946-F1-model_v4,38.93,775
AF-A0A5K4ES84-F1-model_v4,48.76,776
AF-G4V5X9-F1-model_v4,38.5,777
AF-A0A3Q0KV01-F1-model_v4,62.8,778
AF-A0A5K4ESI5-F1-model_v4,55.94,778
AF-A0A3Q0KSA0-F1-model_v4,78.54,779
AF-A0A3Q0KKY8-F1-model_v4,64.56,779
AF-A0A5K4FDA2-F1-model_v4,45.03,782
AF-A0A3Q0KTT7-F1-model_v4,37.11,782
AF-A0A3Q0KQA0-F1-model_v4,30.8,786
AF-A0A3Q0KL41-F1-model_v4,32.82,788
AF-A0A3Q0KU07-F1-model_v4,47.04,791
AF-A0A5K4F2W1-F1-model_v4,39.14,793
AF-A0A5K4EXK6-F1-model_v4,31.76,795
AF-G4LUJ1-F1-model_v4,34.3,796
AF-A0A3Q0KF27-F1-model_v4,37.83,796
AF-A0A3Q0KT72-F1-model_v4,31.73,797
AF-A0A5K4E9E2-F1-model_v4,38.72,798
AF-G4VEX7-F1-model_v4,48.01,802
AF-A0A5K4F5P2-F1-model_v4,91.24,803
AF-A0A3Q0KUD2-F1-model_v4,36.24,803
AF-A0A5K4FC65-F1-model_v4,45.22,803
AF-A0A3Q0KMK6-F1-model_v4,46.09,803
AF-A0A5K4EQL5-F1-model_v4,51.69,807
AF-A0A5K4F235-F1-model_v4,35.07,807
AF-A0A3Q0KTM8-F1-model_v4,41.19,809
AF-A0A5K4FC19-F1-model_v4,43.68,812
AF-A0A5K4F3L8-F1-model_v4,38.87,813
AF-A0A3Q0KT85-F1-model_v4,40.54,813
AF-A0A5K4FA50-F1-model_v4,80.53,814
AF-A0A3Q0KUG7-F1-model_v4,53.2,814
AF-A0A3Q0KPX2-F1-model_v4,64.37,815
AF-A0A3Q0KRP0-F1-model_v4,46.01,816
AF-A0A3Q0KJX6-F1-model_v4,87.61,817
AF-A0A5K4F0U1-F1-model_v4,53.88,819
AF-A0A3Q0KKP1-F1-model_v4,68.53,819
AF-A0A5K4FAE9-F1-model_v4,51.56,820
AF-A0A5K4FE71-F1-model_v4,32.53,820
AF-A0A5K4FD98-F1-model_v4,46.81,821
AF-A0A3Q0KFX5-F1-model_v4,36.21,822
AF-A0A5K4EUA1-F1-model_v4,41.91,823
AF-A0A5K4FCB7-F1-model_v4,43.97,829
AF-A0A5K4F752-F1-model_v4,53.59,831
AF-A0A5K4F8M1-F1-model_v4,30.63,833
AF-A0A5K4FCB0-F1-model_v4,39.44,836
AF-A0A3Q0KMV3-F1-model_v4,38.25,839
AF-A0A5K4F490-F1-model_v4,58.33,841
AF-A0A5K4F5B3-F1-model_v4,32.22,844
AF-A0A5K4F046-F1-model_v4,51.01,845
AF-A0A5K4E9K7-F1-model_v4,37.22,847
AF-A0A5K4EA57-F1-model_v4,45.0,847
AF-A0A5K4FCU0-F1-model_v4,47.6,847
AF-A0A5K4F6K0-F1-model_v4,33.49,849
AF-A0A5K4F2U4-F1-model_v4,66.36,850
AF-A0A5K4EKM7-F1-model_v4,67.53,850
AF-A0A5K4EUR7-F1-model_v4,32.52,851
AF-G4V6I0-F1-model_v4,44.57,852
AF-A0A3Q0KQF4-F1-model_v4,41.42,853
AF-A0A3Q0KPW6-F1-model_v4,38.84,854
AF-A0A5K4F747-F1-model_v4,34.72,854
AF-G4VFX0-F1-model_v4,45.9,854
AF-A0A3Q0KTR4-F1-model_v4,52.84,858
AF-A0A3Q0KG92-F1-model_v4,47.34,862
AF-A0A5K4FBZ5-F1-model_v4,31.42,863
AF-A0A3Q0KUD7-F1-model_v4,30.02,864
AF-A0A5K4F2X2-F1-model_v4,38.67,866
AF-A0A5K4EAI8-F1-model_v4,32.49,871
AF-A0A3Q0KLZ6-F1-model_v4,38.3,873
AF-G4LYW9-F1-model_v4,44.74,874
AF-A0A3Q0KPF9-F1-model_v4,38.78,875
AF-A0A5K4FB26-F1-model_v4,46.86,875
AF-A0A3Q0KE75-F1-model_v4,68.03,878
AF-A0A5K4EZH8-F1-model_v4,42.92,878
AF-A0A3Q0KDT5-F1-model_v4,39.04,878
AF-A0A5K4F8J0-F1-model_v4,31.79,879
AF-A0A5K4F3E0-F1-model_v4,56.03,880
AF-A0A3Q0KLZ4-F1-model_v4,40.29,881
AF-A0A5K4EHX3-F1-model_v4,30.07,881
AF-A0A5K4ESX3-F1-model_v4,70.17,882
AF-A0A5K4EVZ1-F1-model_v4,37.83,884
AF-A0A5K4FDK2-F1-model_v4,35.38,885
AF-A0A5K4EPJ7-F1-model_v4,45.75,886
AF-A0A3Q0KB97-F1-model_v4,30.59,890
AF-A0A5K4F3M8-F1-model_v4,50.61,892
AF-G4VSX8-F1-model_v4,37.72,892
AF-A0A3Q0KSQ6-F1-model_v4,34.19,893
AF-G4VCI7-F1-model_v4,42.32,894
AF-A0A5K4EZL3-F1-model_v4,57.58,895
AF-A0A5K4F0F3-F1-model_v4,56.17,896
AF-A0A5K4F303-F1-model_v4,34.06,897
AF-A0A5K4F2H2-F1-model_v4,57.86,898
AF-A0A5K4F8D4-F1-model_v4,33.19,899
AF-A0A5K4EYW9-F1-model_v4,35.72,899
AF-G4VMI7-F1-model_v4,33.32,900
AF-A0A3Q0KEK4-F1-model_v4,33.09,900
AF-A0A5K4F3E2-F1-model_v4,29.92,901
AF-A0A5K4F2R2-F1-model_v4,52.81,902
AF-A0A5K4ENK4-F1-model_v4,42.28,902
AF-A0A5K4EMK9-F1-model_v4,64.34,902
AF-A0A5K4FB83-F1-model_v4,35.16,904
AF-A0A5K4FBN9-F1-model_v4,65.72,905
AF-A0A3Q0KSX0-F1-model_v4,63.28,907
AF-A0A3Q0KCB9-F1-model_v4,32.43,907
AF-G4VQU6-F1-model_v4,71.11,908
AF-A0A5K4ENT4-F1-model_v4,32.1,909
AF-A0A3Q0KD27-F1-model_v4,30.06,912
AF-A0A5K4F3J4-F1-model_v4,36.26,912
AF-A0A5K4FC78-F1-model_v4,75.05,912
AF-A0A5K4F4J1-F1-model_v4,35.16,912
AF-G4LUL1-F1-model_v4,51.75,914
AF-A0A3Q0KJD0-F1-model_v4,39.69,915
AF-A0A3Q0KU01-F1-model_v4,34.77,915
AF-G4V968-F1-model_v4,40.36,918
AF-A0A3Q0KM14-F1-model_v4,69.13,919
AF-A0A3Q0KEZ1-F1-model_v4,33.05,919
AF-A0A5K4ETC1-F1-model_v4,56.72,920
AF-A0A3Q0KFV6-F1-model_v4,49.49,920
AF-A0A5K4ESG3-F1-model_v4,44.64,921
AF-A0A3Q0KI72-F1-model_v4,41.36,923
AF-G4V636-F1-model_v4,55.79,932
AF-A0A5K4F436-F1-model_v4,41.35,933
AF-A0A3Q0KIS4-F1-model_v4,30.51,933
AF-G4VJE6-F1-model_v4,34.12,933
AF-A0A3Q0KIH8-F1-model_v4,91.86,940
AF-A0A3Q0KI19-F1-model_v4,34.74,940
AF-A0A5K4EAA0-F1-model_v4,41.65,941
AF-A0A5K4F873-F1-model_v4,61.96,941
AF-A0A5K4EUW8-F1-model_v4,32.98,942
AF-A0A3Q0KJL2-F1-model_v4,40.61,942
AF-A0A3Q0KR31-F1-model_v4,55.51,945
AF-G4VGP6-F1-model_v4,31.61,947
AF-A0A3Q0KP12-F1-model_v4,30.69,948
AF-A0A5K4EWD0-F1-model_v4,40.85,950
AF-A0A5K4F1Q3-F1-model_v4,43.41,952
AF-A0A5K4FE79-F1-model_v4,53.01,953
AF-A0A5K4F0M4-F1-model_v4,41.61,953
AF-A0A5K4F7E9-F1-model_v4,60.21,954
AF-A0A5K4FAU3-F1-model_v4,45.89,954
AF-G4VAX0-F1-model_v4,58.68,955
AF-A0A3Q0KRI6-F1-model_v4,53.75,957
AF-A0A3Q0KFR2-F1-model_v4,41.08,958
AF-A0A3Q0KQ33-F1-model_v4,30.46,960
AF-A0A5K4F0A5-F1-model_v4,34.91,960
AF-A0A5K4F7I2-F1-model_v4,49.31,962
AF-A0A5K4F8D5-F1-model_v4,34.78,962
AF-A0A5K4FAM8-F1-model_v4,30.8,962
AF-A0A5K4F8F4-F1-model_v4,43.2,963
AF-A0A3Q0KQM5-F1-model_v4,105.36,964
AF-A0A5K4ET32-F1-model_v4,61.15,969
AF-G4VSM9-F1-model_v4,36.69,970
AF-A0A3Q0KKF1-F1-model_v4,83.94,972
AF-A0A3Q0KL60-F1-model_v4,31.97,972
AF-A0A5K4F673-F1-model_v4,43.44,973
AF-A0A5K4F063-F1-model_v4,33.17,973
AF-G4LVP0-F1-model_v4,37.12,973
AF-A0A5K4F590-F1-model_v4,65.35,973
AF-G4LZ77-F1-model_v4,33.88,975
AF-A0A3Q0KMG4-F1-model_v4,63.28,977
AF-A0A3Q0KRH5-F1-model_v4,46.04,981
AF-A0A3Q0KKM9-F1-model_v4,103.3,983
AF-A0A5K4F845-F1-model_v4,30.53,983
AF-G4M079-F1-model_v4,61.35,984
AF-A0A3Q0KLC9-F1-model_v4,30.77,984
AF-A0A5K4F536-F1-model_v4,42.88,984
AF-A0A5K4EJ27-F1-model_v4,33.51,986
AF-G4VCE0-F1-model_v4,94.54,987
AF-A0A3Q0KCR2-F1-model_v4,37.6,989
AF-A0A5K4FAT2-F1-model_v4,75.38,990
AF-A0A5K4EYW5-F1-model_v4,33.81,991
AF-A0A5K4F2Z7-F1-model_v4,85.16,994
AF-A0A3Q0KRV8-F1-model_v4,32.29,996
AF-A0A3Q0KQG5-F1-model_v4,38.58,996
AF-A0A3Q0KSS8-F1-model_v4,35.92,997
AF-A0A5K4F0G6-F1-model_v4,29.99,997
AF-A0A5K4F517-F1-model_v4,50.65,998
AF-G4VGT0-F1-model_v4,35.3,1001
AF-G4VLJ3-F1-model_v4,32.69,1001
AF-A0A5K4F6G3-F1-model_v4,110.46,1001
AF-A0A3Q0KTX7-F1-model_v4,33.2,1001
AF-A0A3Q0KVF5-F1-model_v4,93.04,1002
AF-A0A5K4F312-F1-model_v4,44.32,1002
AF-A0A3Q0KLV1-F1-model_v4,37.13,1002
AF-A0A3Q0KSP7-F1-model_v4,58.68,1006
AF-A0A5K4F068-F1-model_v4,33.68,1006
AF-G4VPP1-F1-model_v4,31.32,1006
AF-A0A5K4F4M0-F1-model_v4,49.21,1006
AF-A0A5K4EAJ8-F1-model_v4,43.89,1006
AF-A0A5K4F580-F1-model_v4,34.48,1006
AF-A0A5K4FE40-F1-model_v4,52.76,1007
AF-A0A5K4F702-F1-model_v4,34.15,1007
AF-A0A3Q0KLF1-F1-model_v4,33.63,1010
AF-A0A5K4FA93-F1-model_v4,31.18,1011
AF-A0A3Q0KS86-F1-model_v4,30.85,1013
AF-A0A5K4EIR3-F1-model_v4,47.18,1014
AF-A0A3Q0KPW5-F1-model_v4,41.82,1019
AF-A0A3Q0KRE1-F1-model_v4,31.64,1021
AF-A0A3Q0KP76-F1-model_v4,43.51,1021
AF-A0A5K4F031-F1-model_v4,49.37,1022
AF-G4V9S0-F1-model_v4,32.8,1024
AF-A0A5K4F688-F1-model_v4,34.07,1025
AF-A0A5K4EYQ6-F1-model_v4,34.01,1025
AF-A0A3Q0KMJ2-F1-model_v4,72.52,1026
AF-A0A3Q0KLY3-F1-model_v4,32.15,1029
AF-A0A5K4ED79-F1-model_v4,44.97,1030
AF-G4LZ82-F1-model_v4,38.96,1032
AF-A0A3Q0KG50-F1-model_v4,36.23,1033
AF-A0A3Q0KVE8-F1-model_v4,36.45,1034
AF-A0A3Q0KT36-F1-model_v4,50.1,1039
AF-A0A3Q0KU11-F1-model_v4,41.94,1040
AF-G4VJK7-F1-model_v4,45.78,1041
AF-A0A5K4F8Q4-F1-model_v4,45.89,1043
AF-G4VGT4-F1-model_v4,72.96,1046
AF-A0A5K4ETP2-F1-model_v4,62.46,1048
AF-A0A5K4F7K3-F1-model_v4,57.12,1048
AF-A0A3Q0KBA7-F1-model_v4,31.47,1050
AF-A0A5K4FE60-F1-model_v4,51.28,1054
AF-A0A3Q0KUB3-F1-model_v4,59.14,1054
AF-A0A3Q0KQT7-F1-model_v4,39.9,1055
AF-G4VHD5-F1-model_v4,56.04,1059
AF-A0A3Q0KCD8-F1-model_v4,30.01,1059
AF-A0A3Q0KSV6-F1-model_v4,45.87,1060
AF-A0A5K4F0L1-F1-model_v4,34.11,1061
AF-G4VDY8-F1-model_v4,46.03,1062
AF-G4LYK2-F1-model_v4,48.63,1064
AF-A0A3Q0KP42-F1-model_v4,69.93,1064
AF-A0A3Q0KF26-F1-model_v4,50.85,1067
AF-A0A3Q0KC68-F1-model_v4,42.65,1071
AF-A0A5K4F1J1-F1-model_v4,33.72,1072
AF-G4LXB9-F1-model_v4,32.22,1073
AF-A0A3Q0KP35-F1-model_v4,44.81,1073
AF-A0A3Q0KH14-F1-model_v4,31.73,1075
AF-A0A3Q0KVJ9-F1-model_v4,44.52,1079
AF-A0A3Q0KKT1-F1-model_v4,43.78,1079
AF-A0A5K4F3C8-F1-model_v4,33.04,1080
AF-A0A3Q0KSV0-F1-model_v4,48.79,1081
AF-A0A5K4ERC3-F1-model_v4,65.24,1082
AF-A0A3Q0KIA3-F1-model_v4,36.67,1088
AF-A0A5K4F5X6-F1-model_v4,32.42,1089
AF-A0A5K4FA40-F1-model_v4,53.62,1091
AF-A0A3Q0KMD9-F1-model_v4,37.41,1093
AF-A0A5K4F5T9-F1-model_v4,39.34,1093
AF-A0A3Q0KM22-F1-model_v4,65.76,1093
AF-G4VEI6-F1-model_v4,32.12,1094
AF-A0A3Q0KEL6-F1-model_v4,35.76,1096
AF-G4VHC4-F1-model_v4,45.24,1097
AF-A0A5K4F2C4-F1-model_v4,39.47,1097
AF-A0A3Q0KPL4-F1-model_v4,30.91,1099
AF-A0A3Q0KP03-F1-model_v4,77.54,1101
AF-G4VPI1-F1-model_v4,62.68,1102
AF-G4V9Q6-F1-model_v4,39.37,1103
AF-A0A3Q0KHT5-F1-model_v4,41.32,1103
AF-A0A5K4F2A6-F1-model_v4,79.0,1108
AF-A0A5K4EBP5-F1-model_v4,71.12,1109
AF-G4VGQ3-F1-model_v4,31.1,1110
AF-A0A5K4F018-F1-model_v4,33.15,1111
AF-A0A5K4FDF2-F1-model_v4,51.75,1111
AF-A0A5K4F293-F1-model_v4,43.3,1112
AF-G4VEL6-F1-model_v4,49.98,1113
AF-A0A3Q0KSW9-F1-model_v4,86.79,1115
AF-A0A3Q0KMB9-F1-model_v4,78.49,1117
AF-G4VR00-F1-model_v4,38.54,1120
AF-A0A5K4F1B2-F1-model_v4,79.76,1126
AF-G4LVD7-F1-model_v4,51.85,1127
AF-A0A5K4FB85-F1-model_v4,37.67,1127
AF-A0A5K4F3E1-F1-model_v4,40.35,1128
AF-A0A5K4EH66-F1-model_v4,42.06,1129
AF-A0A3Q0KF11-F1-model_v4,73.26,1131
AF-A0A5K4FA56-F1-model_v4,49.07,1132
AF-A0A3Q0KJI7-F1-model_v4,47.42,1133
AF-A0A5K4ELJ0-F1-model_v4,54.15,1137
AF-A0A3Q0KDE7-F1-model_v4,51.06,1144
AF-A0A3Q0KME5-F1-model_v4,35.15,1147
AF-A0A3Q0KM86-F1-model_v4,46.77,1147
AF-G4LUW4-F1-model_v4,87.06,1148
AF-A0A3Q0KM76-F1-model_v4,30.28,1149
AF-A0A5K4F1W9-F1-model_v4,45.13,1151
AF-A0A5K4FDZ0-F1-model_v4,44.71,1151
AF-A0A3Q0KRZ7-F1-model_v4,34.91,1152
AF-A0A5K4F5Q4-F1-model_v4,32.73,1156
AF-G4VTW0-F1-model_v4,60.56,1160
AF-A0A3Q0KCM7-F1-model_v4,35.64,1161
AF-A0A5K4F1L1-F1-model_v4,35.51,1162
AF-A0A3Q0KC18-F1-model_v4,29.98,1163
AF-A0A3Q0KGQ7-F1-model_v4,56.5,1166
AF-E2EAJ0-F1-model_v4,73.24,1167
AF-A0A5K4F9I9-F1-model_v4,62.3,1168
AF-A0A3Q0KHX3-F1-model_v4,30.75,1168
AF-G4LYG3-F1-model_v4,41.43,1169
AF-A0A5K4E956-F1-model_v4,39.99,1173
AF-A0A3Q0KL67-F1-model_v4,30.69,1175
AF-A0A3Q0KM85-F1-model_v4,41.56,1175
AF-G4VH67-F1-model_v4,61.2,1177
AF-A0A5K4FGY4-F1-model_v4,36.72,1179
AF-G4VH15-F1-model_v4,48.47,1180
AF-A0A5K4FC27-F1-model_v4,33.65,1182
AF-A0A5K4FCS7-F1-model_v4,44.09,1182
AF-A0A3Q0KNH6-F1-model_v4,33.53,1184
AF-A0A5K4F222-F1-model_v4,80.18,1185
AF-G4VAB4-F1-model_v4,37.53,1185
AF-A0A5K4EKG5-F1-model_v4,45.41,1186
AF-G4VD35-F1-model_v4,53.05,1187
AF-A0A3Q0KH23-F1-model_v4,35.72,1187
AF-G4VEY6-F1-model_v4,37.56,1188
AF-A0A5K4EVE7-F1-model_v4,50.38,1191
AF-A0A5K4FC14-F1-model_v4,42.66,1192
AF-A0A5K4ES74-F1-model_v4,45.84,1193
AF-A0A5K4FAD5-F1-model_v4,33.0,1195
AF-G4VDQ6-F1-model_v4,50.05,1196
AF-A0A3Q0KBG7-F1-model_v4,37.54,1199
AF-A0A3Q0KUL5-F1-model_v4,36.97,1200
AF-G4V8L0-F1-model_v4,30.41,1200
AF-A0A5K4EW43-F1-model_v4,46.7,1203
AF-A0A5K4FA92-F1-model_v4,36.91,1203
AF-G9HW02-F1-model_v4,78.95,1207
AF-A0A3Q0KSN6-F1-model_v4,31.47,1209
AF-A0A3Q0KSB8-F1-model_v4,35.29,1210
AF-G4LZH0-F1-model_v4,57.64,1210
AF-A0A3Q0KTW2-F1-model_v4,55.87,1211
AF-A0A5K4F0V1-F1-model_v4,74.0,1212
AF-G4VMC2-F1-model_v4,56.43,1213
AF-A0A3Q0KUF5-F1-model_v4,29.84,1214
AF-A0A5K4FCN1-F1-model_v4,35.06,1214
AF-A0A5K4F2W8-F1-model_v4,44.48,1215
AF-A0A5K4F1R9-F1-model_v4,61.33,1216
AF-A0A3Q0KPS1-F1-model_v4,50.63,1217
AF-A0A5K4F004-F1-model_v4,33.12,1219
AF-A0A3Q0KQS5-F1-model_v4,46.55,1220
AF-A0A3Q0KQZ6-F1-model_v4,35.84,1224
AF-A0A3Q0KQ74-F1-model_v4,33.32,1225
AF-A0A5K4EM86-F1-model_v4,64.72,1227
AF-G4LZ24-F1-model_v4,35.02,1230
AF-A0A3Q0KIE2-F1-model_v4,36.43,1230
AF-A0A3Q0KJH9-F1-model_v4,39.35,1231
AF-A0A5K4EJM6-F1-model_v4,37.45,1231
AF-A0A3Q0KG95-F1-model_v4,81.93,1233
AF-G4VHT3-F1-model_v4,48.13,1234
AF-A0A3Q0KPT6-F1-model_v4,45.14,1243
AF-A0A5K4FCX2-F1-model_v4,40.56,1248
AF-A0A5K4EEI8-F1-model_v4,81.27,1248
AF-A0A3Q0KD59-F1-model_v4,45.59,1249
AF-G4VCP6-F1-model_v4,32.65,1254
AF-A0A5K4EKH5-F1-model_v4,47.73,1255
AF-A0A3Q0KNM5-F1-model_v4,39.4,1255
AF-A0A5K4FAW8-F1-model_v4,30.38,1255
AF-A0A3Q0KN39-F1-model_v4,31.68,1256
AF-G4VSH5-F1-model_v4,33.96,1256
AF-A0A3Q0KKU2-F1-model_v4,106.47,1257
AF-A0A5K4F514-F1-model_v4,75.28,1257
AF-A0A5K4F3R0-F1-model_v4,48.34,1259
AF-B1AAM6-F1-model_v4,31.23,1261
AF-A0A5K4EL37-F1-model_v4,76.34,1262
AF-G4LWI0-F1-model_v4,60.14,1262
AF-G4LXQ3-F1-model_v4,83.6,1263
AF-A0A5K4ECJ4-F1-model_v4,50.69,1263
AF-A0A3Q0KHF0-F1-model_v4,43.77,1263
AF-G4VRF7-F1-model_v4,31.08,1266
AF-A0A3Q0KTG9-F1-model_v4,34.69,1266
AF-A0A3Q0KKU3-F1-model_v4,40.01,1269
AF-A0A3Q0KFA1-F1-model_v4,111.68,1272
AF-A0A3Q0KKU1-F1-model_v4,46.37,1272
AF-A0A5K4FCC6-F1-model_v4,47.87,1273
AF-A0A5K4FFX5-F1-model_v4,30.27,1274
AF-G4VHY4-F1-model_v4,50.87,1274
AF-G4M1H9-F1-model_v4,108.24,1274
AF-G4V7H0-F1-model_v4,32.34,1277
AF-A0A3Q0KPR5-F1-model_v4,31.48,1277
AF-G4VB00-F1-model_v4,31.83,1277
AF-A0A3Q0KUB8-F1-model_v4,32.16,1278
AF-A0A3Q0KR40-F1-model_v4,55.6,1278
AF-A0A3Q0KR61-F1-model_v4,75.89,1279
AF-A0A3Q0KK90-F1-model_v4,31.04,1282
AF-T1VXA1-F1-model_v4,56.4,1284
AF-G4VBK5-F1-model_v4,55.03,1285
AF-A0A5K4ELT5-F1-model_v4,109.91,1286
AF-A0A5K4F3M1-F1-model_v4,39.8,1286
AF-A0A5K4F3C1-F1-model_v4,47.82,1286
AF-A0A5K4F8E6-F1-model_v4,44.69,1290
AF-G4VSC2-F1-model_v4,42.51,1292
AF-A0A5K4FD90-F1-model_v4,30.26,1294
AF-T1VXV7-F1-model_v4,34.27,1297
AF-A0A3Q0KTN7-F1-model_v4,31.52,1299
AF-A0A5K4F0B9-F1-model_v4,34.38,1301
AF-A0A5K4EBY7-F1-model_v4,39.21,1303
AF-A0A5K4EYG4-F1-model_v4,30.97,1308
AF-A0A5K4F2E6-F1-model_v4,32.19,1309
AF-A0A3Q0KST6-F1-model_v4,33.51,1310
AF-A0A3Q0KQZ0-F1-model_v4,33.72,1312
AF-G4LYD4-F1-model_v4,48.63,1313
AF-A0A5K4EU61-F1-model_v4,31.38,1315
AF-A0A5K4EWJ8-F1-model_v4,32.1,1316
AF-A0A5K4EY39-F1-model_v4,42.99,1318
AF-A0A3Q0KE12-F1-model_v4,41.51,1319
AF-A0A3Q0KMX7-F1-model_v4,42.14,1319
AF-A0A3Q0KQW9-F1-model_v4,61.52,1320
AF-A0A5K4FG73-F1-model_v4,36.44,1321
AF-A0A3Q0KSY9-F1-model_v4,30.84,1324
AF-A0A3Q0KSQ0-F1-model_v4,48.38,1326
AF-G4VA06-F1-model_v4,75.31,1326
AF-A0A3Q0KLH2-F1-model_v4,31.49,1331
AF-A0A3Q0KC19-F1-model_v4,32.89,1331
AF-A0A5K4EUG5-F1-model_v4,44.44,1333
AF-A0A5K4F0T6-F1-model_v4,32.84,1333
AF-A0A3Q0KQ47-F1-model_v4,32.24,1335
AF-A0A5K4FBJ5-F1-model_v4,52.04,1337
AF-A0A3Q0KQS4-F1-model_v4,32.33,1338
AF-A0A3Q0KUI0-F1-model_v4,45.86,1342
AF-A0A5K4ELX9-F1-model_v4,30.56,1342
AF-A0A5K4EZZ5-F1-model_v4,80.56,1344
AF-A0A5K4EYD4-F1-model_v4,59.53,1344
AF-G4VH77-F1-model_v4,34.42,1345
AF-A0A5K4F9V7-F1-model_v4,62.6,1347
AF-A0A5K4F0J8-F1-model_v4,43.77,1349
AF-A0A3Q0KPP5-F1-model_v4,48.02,1352
AF-A0A5K4EL67-F1-model_v4,91.27,1353
AF-A0A5K4F1P8-F1-model_v4,36.2,1361
AF-A0A5K4EJX7-F1-model_v4,30.18,1363
AF-A0A5K4EPG5-F1-model_v4,40.7,1364
AF-A0A5K4EHC2-F1-model_v4,57.93,1368
AF-A0A3Q0KQ87-F1-model_v4,30.97,1372
AF-A0A3Q0KSJ5-F1-model_v4,33.27,1375
AF-A0A5K4FC44-F1-model_v4,55.07,1377
AF-G4VK90-F1-model_v4,57.81,1378
AF-A0A3Q0KT97-F1-model_v4,120.76,1379
AF-A0A5K4FAB3-F1-model_v4,96.16,1380
AF-A0A3Q0KPE9-F1-model_v4,35.28,1383
AF-A0A5K4EVJ5-F1-model_v4,38.44,1386
AF-A0A3Q0KD80-F1-model_v4,63.44,1386
AF-A0A5K4EX41-F1-model_v4,31.35,1390
AF-A0A3Q0KU35-F1-model_v4,45.5,1394
AF-A0A3Q0KMP2-F1-model_v4,93.72,1394
AF-A4K7Z0-F1-model_v4,136.67,1396
AF-A0A5K4FB04-F1-model_v4,39.16,1396
AF-A0A3Q0KKT0-F1-model_v4,49.56,1397
AF-A0A5K4FC89-F1-model_v4,35.67,1402
AF-G4VTC3-F1-model_v4,59.46,1404
AF-A0A3Q0KRS4-F1-model_v4,68.63,1407
AF-A0A3Q0KD39-F1-model_v4,30.93,1407
AF-A0A3Q0KKS7-F1-model_v4,32.59,1410
AF-G4VM07-F1-model_v4,44.08,1411
AF-A0A3Q0KCF6-F1-model_v4,32.53,1411
AF-A0A3Q0KC34-F1-model_v4,69.91,1412
AF-G4V7X1-F1-model_v4,91.13,1413
AF-A0A5K4F0L5-F1-model_v4,56.5,1414
AF-A0A3Q0KFG0-F1-model_v4,32.39,1415
AF-G4VEC8-F1-model_v4,30.44,1415
AF-A0A3Q0KJK7-F1-model_v4,46.68,1416
AF-A0A3Q0KL66-F1-model_v4,112.67,1416
AF-A0A3Q0KSH1-F1-model_v4,34.52,1418
AF-G4LY75-F1-model_v4,52.22,1419
AF-G4VFZ6-F1-model_v4,40.33,1419
AF-G4V788-F1-model_v4,30.37,1421
AF-A0A5K4ERN5-F1-model_v4,41.1,1422
AF-A0A5K4F8W9-F1-model_v4,44.52,1422
AF-A0A5K4F2W3-F1-model_v4,38.69,1423
AF-G4VRB5-F1-model_v4,32.97,1427
AF-G4VHQ2-F1-model_v4,38.63,1428
AF-A0A3Q0KC36-F1-model_v4,72.05,1430
AF-C4QJA6-F1-model_v4,31.17,1432
AF-A0A5K4EJZ4-F1-model_v4,41.74,1436
AF-A0A3Q0KTL1-F1-model_v4,37.46,1440
AF-A0A5K4EY01-F1-model_v4,36.66,1446
AF-A0A5K4F3T3-F1-model_v4,44.6,1449
AF-A0A3Q0KFB4-F1-model_v4,44.01,1451
AF-A0A3Q0KF67-F1-model_v4,47.64,1451
AF-A0A5K4EVU9-F1-model_v4,76.83,1453
AF-G4VP93-F1-model_v4,34.66,1454
AF-A0A3Q0KR10-F1-model_v4,31.32,1455
AF-A0A5K4FGT9-F1-model_v4,78.22,1455
AF-G4VIR8-F1-model_v4,60.57,1456
AF-A0A5K4FD58-F1-model_v4,57.24,1459
AF-A0A3Q0KEA1-F1-model_v4,40.88,1460
AF-A0A3Q0KDI9-F1-model_v4,41.58,1462
AF-A0A3Q0KSH3-F1-model_v4,95.21,1463
AF-A0A3Q0KR19-F1-model_v4,61.21,1463
AF-A0A3Q0KKK1-F1-model_v4,62.33,1464
AF-A0A5K4F699-F1-model_v4,60.51,1465
AF-A0A5K4FAG4-F1-model_v4,42.42,1468
AF-A0A3Q0KID3-F1-model_v4,34.19,1470
AF-A0A3Q0KB99-F1-model_v4,91.71,1470
AF-G4V6B1-F1-model_v4,32.77,1473
AF-C4QKW6-F1-model_v4,32.61,1476
AF-A0A3Q0KSF8-F1-model_v4,31.62,1478
AF-A0A5K4F243-F1-model_v4,30.2,1479
AF-G4VEY4-F1-model_v4,41.06,1480
AF-A0A3Q0KP45-F1-model_v4,43.74,1481
AF-G4VP86-F1-model_v4,35.19,1485
AF-B2D1S3-F1-model_v4,40.28,1488
AF-A0A5K4FB35-F1-model_v4,31.7,1489
AF-A0A5K4F1E1-F1-model_v4,80.01,1493
AF-A0A5K4FAN1-F1-model_v4,62.89,1493
AF-G4VIN1-F1-model_v4,32.87,1494
AF-A0A3Q0KPX0-F1-model_v4,39.97,1495
AF-A0A3Q0KMA3-F1-model_v4,65.95,1498
AF-A0A5K4ERV3-F1-model_v4,42.41,1499
AF-A0A5K4ETA7-F1-model_v4,30.05,1503
AF-A0A5K4F0U2-F1-model_v4,55.33,1510
AF-G4VQX4-F1-model_v4,34.12,1514
AF-A0A3Q0KVG9-F1-model_v4,30.95,1516
AF-A0A3Q0KJA5-F1-model_v4,36.31,1518
AF-A0A5K4ERD0-F1-model_v4,31.0,1518
AF-A0A3Q0KQL8-F1-model_v4,65.69,1519
AF-A0A5K4FCL1-F1-model_v4,50.93,1519
AF-G4V9U6-F1-model_v4,37.26,1520
AF-A0A5K4EME7-F1-model_v4,37.03,1521
AF-A0A5K4EQS2-F1-model_v4,45.1,1524
AF-A0A5K4FD75-F1-model_v4,30.45,1525
AF-A0A5K4FFI7-F1-model_v4,84.89,1528
AF-A0A5K4FDG0-F1-model_v4,34.76,1531
AF-A0A5K4EWM0-F1-model_v4,32.67,1531
AF-A0A5K4F7Y5-F1-model_v4,29.86,1532
AF-G4VIT8-F1-model_v4,37.29,1533
AF-G4VCL1-F1-model_v4,55.0,1534
AF-A0A3Q0KCC0-F1-model_v4,105.7,1535
AF-G4LYS9-F1-model_v4,55.52,1541
AF-A0A5K4EXN5-F1-model_v4,29.94,1545
AF-A0A5K4FD08-F1-model_v4,52.06,1546
AF-A0A3Q0KPL1-F1-model_v4,45.13,1549
AF-A0A5K4E9D4-F1-model_v4,31.5,1551
AF-A0A3Q0KR35-F1-model_v4,60.51,1553
AF-G4VQY8-F1-model_v4,49.08,1553
AF-A0A5K4ERP3-F1-model_v4,50.26,1557
AF-C4QMR1-F1-model_v4,31.04,1559
AF-G4VRL5-F1-model_v4,34.48,1563
AF-A0A3Q0KMD5-F1-model_v4,51.8,1564
AF-A0A5K4F3N9-F1-model_v4,41.33,1568
AF-G4VEN7-F1-model_v4,57.56,1572
AF-A0A3Q0KVI9-F1-model_v4,33.2,1574
AF-G4LWB6-F1-model_v4,38.3,1588
AF-A0A3Q0KNQ0-F1-model_v4,34.89,1589
AF-A0A3Q0KNQ1-F1-model_v4,57.78,1590
AF-A0A5K4FBE7-F1-model_v4,50.6,1594
AF-A0A3Q0KQD7-F1-model_v4,46.17,1603
AF-A0A5K4F039-F1-model_v4,45.06,1606
AF-A0A5K4ERT2-F1-model_v4,42.26,1606
AF-A0A5K4FCT9-F1-model_v4,57.39,1611
AF-A0A3Q0KSL7-F1-model_v4,50.37,1612
AF-A0A3Q0KVG2-F1-model_v4,35.0,1612
AF-A0A5K4EMB4-F1-model_v4,105.91,1612
AF-A0A3Q0KLV0-F1-model_v4,51.69,1612
AF-A0A3Q0KRS2-F1-model_v4,44.53,1614
AF-G4LXR4-F1-model_v4,40.42,1615
AF-G4VC44-F1-model_v4,57.11,1617
AF-G4LXS0-F1-model_v4,34.76,1618
AF-A0A5K4FCZ0-F1-model_v4,38.29,1619
AF-A0A5K4F9Y2-F1-model_v4,44.5,1620
AF-A0A5K4ET10-F1-model_v4,40.64,1621
AF-G4VL76-F1-model_v4,43.22,1629
AF-A0A5K4EWL6-F1-model_v4,59.15,1629
AF-A0A5K4EM25-F1-model_v4,37.42,1629
AF-A0A5K4EPI8-F1-model_v4,60.31,1631
AF-A0A5K4F996-F1-model_v4,38.71,1631
AF-A0A3Q0KRI2-F1-model_v4,73.44,1634
AF-A0A5K4EZ34-F1-model_v4,58.5,1634
AF-A0A5K4FBY6-F1-model_v4,39.54,1635
AF-A0A3Q0KM78-F1-model_v4,43.6,1636
AF-A0A3Q0KDL6-F1-model_v4,53.39,1638
AF-A0A3Q0KKN4-F1-model_v4,32.69,1640
AF-A0A3Q0KNG7-F1-model_v4,49.05,1643
AF-A0A3Q0KJR2-F1-model_v4,36.23,1643
AF-A0A3Q0KT90-F1-model_v4,62.17,1643
AF-C4PZQ3-F1-model_v4,47.28,1644
AF-G4VC52-F1-model_v4,33.6,1647
AF-A0A5K4FAP5-F1-model_v4,45.87,1648
AF-A0A5K4F1S3-F1-model_v4,49.37,1648
AF-Q26579-F1-model_v4,58.97,1652
AF-G4VTU1-F1-model_v4,38.43,1652
AF-G4LUF3-F1-model_v4,33.97,1652
AF-A0A5K4ELG7-F1-model_v4,42.82,1654
AF-A0A3Q0KBF7-F1-model_v4,45.32,1658
AF-A0A5K4F1E9-F1-model_v4,47.24,1658
AF-A0A3Q0KC81-F1-model_v4,45.6,1659
AF-A0A3Q0KFL1-F1-model_v4,52.55,1660
AF-A0A5K4ETC5-F1-model_v4,75.11,1661
AF-A0A3Q0KN05-F1-model_v4,41.43,1661
AF-A0A5K4E9F3-F1-model_v4,44.78,1662
AF-A0A5K4F2D3-F1-model_v4,31.93,1663
AF-A0A5K4F2T4-F1-model_v4,36.58,1666
AF-A0A3Q0KRF0-F1-model_v4,32.06,1667
AF-A0A5K4F2P8-F1-model_v4,42.24,1669
AF-G4VFD7-F1-model_v4,58.57,1669
AF-A0A5K4EE66-F1-model_v4,41.85,1670
AF-A0A5K4F4I2-F1-model_v4,63.27,1675
AF-A0A3Q0KJT2-F1-model_v4,40.02,1676
AF-A0A5K4EXF8-F1-model_v4,53.75,1676
AF-A0A5K4F4N5-F1-model_v4,54.77,1678
AF-A0A5K4EKE2-F1-model_v4,41.27,1678
AF-A0A5K4FGA5-F1-model_v4,40.67,1682
AF-A0A3Q0KGC3-F1-model_v4,33.61,1686
AF-A0A5K4EED8-F1-model_v4,37.42,1691
AF-A0A5K4F377-F1-model_v4,49.58,1694
AF-A0A3Q0KPR0-F1-model_v4,43.8,1694
AF-A0A3Q0KP13-F1-model_v4,41.88,1695
AF-A0A3Q0KSV1-F1-model_v4,52.31,1697
AF-A0A3Q0KEF0-F1-model_v4,44.73,1699
AF-G4V9R9-F1-model_v4,29.84,1703
AF-A0A3Q0KGQ9-F1-model_v4,80.25,1707
AF-G4VF13-F1-model_v4,52.2,1708
AF-A0A3Q0KPY5-F1-model_v4,55.19,1714
AF-G4VPT0-F1-model_v4,72.6,1714
AF-A0A3Q0KQ78-F1-model_v4,30.06,1714
AF-A0A3Q0KM67-F1-model_v4,42.07,1715
AF-A0A3Q0KLB2-F1-model_v4,67.87,1715
AF-G4VJB9-F1-model_v4,65.3,1715
AF-G4VI00-F1-model_v4,43.48,1715
AF-A0A5K4EEK5-F1-model_v4,31.94,1724
AF-A0A5K4FDY1-F1-model_v4,36.64,1726
AF-A0A5K4EJL2-F1-model_v4,63.36,1729
AF-G4VCW4-F1-model_v4,68.76,1732
AF-A0A5K4EDJ1-F1-model_v4,45.51,1737
AF-A0A5K4F366-F1-model_v4,76.75,1738
AF-G4VGD1-F1-model_v4,44.77,1741
AF-A0A5K4F0G0-F1-model_v4,38.46,1743
AF-A0A3Q0KG43-F1-model_v4,40.61,1743
AF-A0A3Q0KFN0-F1-model_v4,43.23,1748
AF-A0A5K4F007-F1-model_v4,49.24,1748
AF-A0A3Q0KC16-F1-model_v4,40.1,1749
AF-A0A5K4F900-F1-model_v4,30.95,1749
AF-A0A3Q0KFM8-F1-model_v4,30.2,1749
AF-A0A3Q0KNJ9-F1-model_v4,30.98,1750
AF-A0A3Q0KQA2-F1-model_v4,38.53,1761
AF-A0A3Q0KI55-F1-model_v4,32.09,1772
AF-A0A5K4EU67-F1-model_v4,39.57,1774
AF-G4V8Q5-F1-model_v4,51.53,1775
AF-O17446-F1-model_v4,39.41,1781
AF-A0A5K4F5M2-F1-model_v4,49.71,1784
AF-A0A5K4F2P1-F1-model_v4,46.53,1790
AF-A0A5K4FAW2-F1-model_v4,34.46,1792
AF-G4VB58-F1-model_v4,42.49,1793
AF-A0A3Q0KNH2-F1-model_v4,34.31,1805
AF-A0A3Q0KMI4-F1-model_v4,32.33,1807
AF-G4VKS3-F1-model_v4,48.05,1808
AF-A0A3Q0KT77-F1-model_v4,37.43,1808
AF-A0A3Q0KLQ7-F1-model_v4,41.19,1809
AF-A0A5K4EZD7-F1-model_v4,73.77,1810
AF-A0A3Q0KRX8-F1-model_v4,35.33,1813
AF-A0A3Q0KDH6-F1-model_v4,30.68,1813
AF-A0A3Q0KJ37-F1-model_v4,32.94,1815
AF-A0A3Q0KJ74-F1-model_v4,31.98,1818
AF-A0A5K4ETU2-F1-model_v4,31.35,1819
AF-A0A5K4FEI5-F1-model_v4,55.76,1820
AF-A0A3Q0KRM7-F1-model_v4,38.02,1820
AF-A0A3Q0KLL5-F1-model_v4,31.94,1830
AF-A0A3Q0KS85-F1-model_v4,39.33,1837
AF-A0A3Q0KLI9-F1-model_v4,32.29,1838
AF-G4LUL4-F1-model_v4,35.6,1839
AF-A0A3Q0KR55-F1-model_v4,33.16,1845
AF-A0A3Q0KPU4-F1-model_v4,40.28,1846
AF-G4VBL6-F1-model_v4,50.73,1848
AF-A0A5K4EUY0-F1-model_v4,42.13,1857
AF-A0A5K4FAA7-F1-model_v4,47.88,1858
AF-A0A3Q0KMM5-F1-model_v4,49.58,1863
AF-A0A5K4ENU1-F1-model_v4,64.36,1867
AF-A0A5K4FEF8-F1-model_v4,64.16,1871
AF-A0A3Q0KKW0-F1-model_v4,45.57,1886
AF-A0A3Q0KEP3-F1-model_v4,32.78,1887
AF-G4VD90-F1-model_v4,52.79,1889
AF-A0A3Q0KPV8-F1-model_v4,44.71,1896
AF-G4V9W8-F1-model_v4,67.17,1896
AF-A0A3Q0KUX2-F1-model_v4,48.11,1900
AF-A0A5K4EX77-F1-model_v4,148.13,1901
AF-A0A5K4ETW2-F1-model_v4,30.68,1903
AF-A0A5K4EQH2-F1-model_v4,29.96,1909
AF-G4V8Q8-F1-model_v4,41.78,1909
AF-G4VQZ4-F1-model_v4,31.76,1916
AF-A0A3Q0KH84-F1-model_v4,44.22,1931
AF-G4VC95-F1-model_v4,36.42,1934
AF-A0A3Q0KR06-F1-model_v4,32.16,1937
AF-A0A5K4EYB2-F1-model_v4,29.89,1940
AF-A0A3Q0KUJ8-F1-model_v4,52.92,1941
AF-A0A3Q0KTS9-F1-model_v4,30.04,1943
AF-A0A3Q0KN57-F1-model_v4,51.21,1946
AF-G4LUE4-F1-model_v4,53.4,1950
AF-A0A5K4EZI4-F1-model_v4,30.61,1956
AF-A0A3Q0KSH7-F1-model_v4,33.69,1959
AF-G4VH55-F1-model_v4,39.08,1959
AF-A0A3Q0KV65-F1-model_v4,30.55,1960
AF-G4VLU1-F1-model_v4,45.3,1961
AF-A0A5K4EPC9-F1-model_v4,38.58,1966
AF-A0A3Q0KQW7-F1-model_v4,49.26,1966
AF-A0A3Q0KVE4-F1-model_v4,39.51,1969
AF-G4LXX5-F1-model_v4,41.25,1972
AF-A0A3Q0KSF4-F1-model_v4,32.22,1985
AF-A0A3Q0KM21-F1-model_v4,33.95,1988
AF-A0A5K4F0A7-F1-model_v4,38.18,1989
AF-A0A3Q0KNR4-F1-model_v4,30.25,1994
AF-A0A5K4FAI1-F1-model_v4,52.31,1995
AF-A0A3Q0KS77-F1-model_v4,54.99,1997
AF-A0A3Q0KI28-F1-model_v4,40.33,1998
AF-G4LY81-F1-model_v4,29.98,2003
AF-A0A5K4F2C7-F1-model_v4,79.96,2012
AF-A0A3Q0KLZ3-F1-model_v4,65.61,2018
AF-G4VEM1-F1-model_v4,51.36,2023
AF-A0A5K4F7X5-F1-model_v4,32.21,2023
AF-A0A5K4EYU0-F1-model_v4,33.37,2025
AF-A0A3Q0KKM8-F1-model_v4,31.91,2030
AF-A0A5K4F1N1-F1-model_v4,55.98,2032
AF-A0A3Q0KLG2-F1-model_v4,50.01,2033
AF-A0A3Q0KQM4-F1-model_v4,59.92,2034
AF-G4VBH0-F1-model_v4,53.47,2035
AF-A0A3Q0KQV2-F1-model_v4,43.26,2037
AF-G4V8E4-F1-model_v4,31.37,2043
AF-A0A3Q0KQP5-F1-model_v4,35.54,2049
AF-A0A5K4ENF2-F1-model_v4,82.67,2054
AF-A0A3Q0KMT3-F1-model_v4,46.4,2056
AF-A0A3Q0KS59-F1-model_v4,35.49,2057
AF-A0A3Q0KU66-F1-model_v4,33.09,2077
AF-A0A5K4F2J9-F1-model_v4,40.97,2077
AF-G4VQN0-F1-model_v4,45.99,2078
AF-A0A3Q0KI68-F1-model_v4,35.46,2080
AF-A0A3Q0KSH8-F1-model_v4,44.66,2083
AF-A0A3Q0KTU9-F1-model_v4,49.37,2083
AF-A0A3Q0KJX7-F1-model_v4,63.71,2088
AF-A0A5K4FE83-F1-model_v4,42.8,2090
AF-A0A3Q0KMB8-F1-model_v4,47.54,2098
AF-A0A5K4F135-F1-model_v4,58.14,2100
AF-A0A3Q0KHE7-F1-model_v4,59.61,2101
AF-A0A5K4F5V7-F1-model_v4,52.08,2112
AF-G4VBJ0-F1-model_v4,32.49,2114
AF-G4V8H4-F1-model_v4,52.79,2115
AF-A0A5K4FFE2-F1-model_v4,36.18,2116
AF-A0A5K4FCN5-F1-model_v4,29.88,2120
AF-A0A3Q0KU52-F1-model_v4,54.11,2121
AF-A0A5K4ENR6-F1-model_v4,62.49,2127
AF-G4VHR0-F1-model_v4,38.28,2129
AF-A0A5K4F3Z5-F1-model_v4,54.29,2131
AF-G4M056-F1-model_v4,30.62,2132
AF-A0A5K4EWI8-F1-model_v4,30.23,2137
AF-A0A5K4F2G3-F1-model_v4,61.36,2137
AF-Q71SU7-F1-model_v4,49.63,2139
AF-A0A3Q0KBU6-F1-model_v4,38.59,2140
AF-A0A3Q0KNL0-F1-model_v4,44.08,2148
AF-A0A3Q0KQB0-F1-model_v4,37.54,2157
AF-A0A3Q0KKX7-F1-model_v4,38.44,2165
AF-A0A5K4F0J4-F1-model_v4,33.59,2166
AF-A0A3Q0KHN7-F1-model_v4,40.88,2169
AF-A0A3Q0KVC6-F1-model_v4,30.55,2174
AF-A0A3Q0KGN3-F1-model_v4,71.69,2179
AF-A0A5K4F6S3-F1-model_v4,62.71,2181
AF-A0A5K4F4A8-F1-model_v4,44.79,2184
AF-A0A3Q0KTE8-F1-model_v4,38.83,2188
AF-A0A3Q0KGZ2-F1-model_v4,31.84,2190
AF-A0A5K4FDX9-F1-model_v4,37.71,2193
AF-A0A3Q0KQ06-F1-model_v4,63.1,2194
AF-A0A3Q0KMK1-F1-model_v4,36.95,2201
AF-A0A5K4EEQ9-F1-model_v4,58.44,2203
AF-G4VC15-F1-model_v4,31.67,2206
AF-A0A3Q0KVB3-F1-model_v4,38.07,2208
AF-A0A5K4F182-F1-model_v4,57.78,2215
AF-A0A3Q0KPT1-F1-model_v4,34.69,2216
AF-A0A3Q0KC77-F1-model_v4,32.04,2219
AF-A0A5K4F8G4-F1-model_v4,30.62,2222
AF-A0A5K4FAT7-F1-model_v4,48.98,2227
AF-A0A3Q0KVD7-F1-model_v4,154.19,2228
AF-Q4PLC2-F1-model_v4,48.03,2244
AF-A0A5K4EQJ9-F1-model_v4,29.96,2245
AF-G4VRT6-F1-model_v4,43.4,2247
AF-A0A3Q0KGB9-F1-model_v4,40.2,2252
AF-G4LXV8-F1-model_v4,38.78,2257
AF-A0A3Q0KMT5-F1-model_v4,34.73,2267
AF-A0A5K4FBP9-F1-model_v4,44.87,2267
AF-G4VPU8-F1-model_v4,31.06,2268
AF-A0A5K4F957-F1-model_v4,52.96,2272
AF-A0A3Q0KRT3-F1-model_v4,37.79,2277
AF-A0A5K4F150-F1-model_v4,35.71,2280
AF-A0A5K4EP71-F1-model_v4,33.69,2282
AF-A0A3Q0KDS3-F1-model_v4,47.85,2291
AF-A0A5K4EPC1-F1-model_v4,40.85,2293
AF-A0A5K4F9V4-F1-model_v4,49.5,2296
AF-A0A3Q0KNN0-F1-model_v4,31.07,2298
AF-A0A5K4EQA7-F1-model_v4,30.5,2301
AF-A0A3Q0KT05-F1-model_v4,35.91,2301
AF-A0A3Q0KKD2-F1-model_v4,47.21,2304
AF-G4VL77-F1-model_v4,35.48,2313
AF-C4QCD2-F1-model_v4,39.91,2316
AF-A0A3Q0KEG1-F1-model_v4,55.17,2320
AF-A0A3Q0KBG6-F1-model_v4,32.93,2326
AF-G4VC69-F1-model_v4,42.17,2326
AF-A0A5K4EM09-F1-model_v4,32.61,2336
AF-A0A5K4EZZ9-F1-model_v4,31.5,2340
AF-A0A3Q0KNR1-F1-model_v4,61.61,2340
AF-A0A3Q0KTF3-F1-model_v4,32.39,2355
AF-A0A5K4F5R7-F1-model_v4,34.62,2357
AF-G4LYW2-F1-model_v4,56.62,2365
AF-G4VCH8-F1-model_v4,30.67,2367
AF-A0A3Q0KJS9-F1-model_v4,33.76,2369
AF-A0A5K4FB75-F1-model_v4,36.59,2369
AF-A0A3Q0KL43-F1-model_v4,37.19,2371
AF-G4VBS1-F1-model_v4,31.78,2378
AF-E2EAJ1-F1-model_v4,56.19,2378
AF-G4LUD8-F1-model_v4,61.03,2391
AF-A0A5K4F0Y0-F1-model_v4,36.68,2397
AF-A0A3Q0KJX5-F1-model_v4,41.9,2398
AF-A0A5K4EL77-F1-model_v4,41.51,2403
AF-G4VDB4-F1-model_v4,57.08,2404
AF-A0A3Q0KJD6-F1-model_v4,36.73,2408
AF-A0A5K4F9L9-F1-model_v4,30.08,2415
AF-G4VIZ9-F1-model_v4,32.97,2417
AF-A0A3Q0KRY0-F1-model_v4,61.92,2417
AF-A0A5K4FBC0-F1-model_v4,33.04,2420
AF-A0A3Q0KUL8-F1-model_v4,40.42,2422
AF-A0A5K4ERR4-F1-model_v4,57.44,2435
AF-A0A5K4EUD5-F1-model_v4,51.99,2443
AF-A0A3Q0KPJ3-F1-model_v4,32.98,2446
AF-A0A3Q0KV18-F1-model_v4,33.44,2447
AF-G4LVC7-F1-model_v4,30.93,2447
AF-A0A3Q0KDM3-F1-model_v4,38.7,2455
AF-A0A5K4FFD6-F1-model_v4,50.08,2455
AF-A0A3Q0KG87-F1-model_v4,39.84,2459
AF-A0A5K4FDS2-F1-model_v4,37.81,2466
AF-A0A5K4F047-F1-model_v4,46.37,2471
AF-A0A5K4FDY5-F1-model_v4,33.74,2473
AF-A0A5K4F447-F1-model_v4,34.94,2478
AF-G4M196-F1-model_v4,35.65,2484
AF-A0A3Q0KTP4-F1-model_v4,41.86,2485
AF-A0A3Q0KRE5-F1-model_v4,37.34,2486
AF-A0A5K4F061-F1-model_v4,53.75,2486
AF-G4LWL6-F1-model_v4,62.46,2503
AF-A0A5K4FA65-F1-model_v4,73.94,2507
AF-A0A3Q0KCF9-F1-model_v4,31.91,2508
AF-A0A3Q0KR44-F1-model_v4,39.71,2509
AF-A0A5K4EXX0-F1-model_v4,34.54,2510
AF-A0A3Q0KFQ5-F1-model_v4,40.08,2511
AF-A0A5K4F8T2-F1-model_v4,34.11,2513
AF-A0A5K4F8Q7-F1-model_v4,41.71,2518
AF-A0A5K4F2R9-F1-model_v4,38.97,2525
AF-A0A5K4F6W6-F1-model_v4,45.68,2528
AF-A0A3Q0KM04-F1-model_v4,37.19,2531
AF-A0A3Q0KEA7-F1-model_v4,32.28,2535
AF-Q3HL76-F1-model_v4,38.0,2537
AF-A0A3Q0KUL3-F1-model_v4,36.22,2540
AF-A0A3Q0KDW7-F1-model_v4,31.35,2546
AF-A0A5K4FAZ7-F1-model_v4,63.0,2547
AF-A0A3Q0KSS9-F1-model_v4,43.26,2549
AF-A0A5K4EPZ7-F1-model_v4,102.22,2551
AF-A0A3Q0KTT2-F1-model_v4,63.85,2559
AF-G4VD99-F1-model_v4,35.79,2559
AF-A0A5K4F5D4-F1-model_v4,52.7,2559
AF-A0A5K4F0X5-F1-model_v4,44.96,2563
AF-G4VLZ9-F1-model_v4,35.44,2565
AF-A0A3Q0KRY5-F1-model_v4,41.33,2570
AF-A0A3Q0KLW0-F1-model_v4,47.57,2579
AF-A0A3Q0KLW9-F1-model_v4,38.7,2584
AF-A0A5K4FE41-F1-model_v4,37.93,2593
AF-A0A5K4F1B1-F1-model_v4,53.71,2597
AF-A0A3Q0KST1-F1-model_v4,42.03,2601
AF-A0A5K4EH32-F1-model_v4,37.6,2603
AF-G4VSL5-F1-model_v4,53.71,2605
AF-A0A5K4FES7-F1-model_v4,53.35,2608
AF-A0A3Q0KTA1-F1-model_v4,47.78,2616
AF-A0A5K4F5Q0-F1-model_v4,34.7,2622
AF-A0A3Q0KN92-F1-model_v4,58.41,2625
AF-A0A3Q0KKG4-F1-model_v4,46.29,2633
AF-G4VFD1-F1-model_v4,36.07,2635
AF-A0A3Q0KFE2-F1-model_v4,48.46,2638
AF-A0A3Q0KM90-F1-model_v4,44.84,2651
AF-G4VR32-F1-model_v4,43.54,2653
AF-A0A3Q0KP74-F1-model_v4,54.92,2653
AF-A0A3Q0KUC9-F1-model_v4,38.6,2658
AF-A0A3Q0KM63-F1-model_v4,30.87,2664
AF-A0A5K4FBQ1-F1-model_v4,35.34,2669
AF-A0A5K4EHY0-F1-model_v4,55.48,2679
AF-A0A3Q0KJC7-F1-model_v4,56.5,2697
AF-A0A5K4FE76-F1-model_v4,38.17,2699
AF-A0A3Q0KIW1-F1-model_v4,59.3,2727
AF-A0A5K4ETF8-F1-model_v4,32.25,2732
AF-A0A5K4ERH0-F1-model_v4,40.86,2734
AF-A0A5K4F094-F1-model_v4,32.39,2738
AF-G4VGK8-F1-model_v4,32.36,2739
AF-A0A3Q0KJR3-F1-model_v4,33.88,2754
AF-A0A3Q0KMB1-F1-model_v4,36.92,2772
AF-A0A3Q0KPY0-F1-model_v4,50.62,2777
AF-A0A3Q0KJH3-F1-model_v4,59.38,2781
AF-A0A3Q0KGZ5-F1-model_v4,44.55,2793
AF-A0A3Q0KNT3-F1-model_v4,43.42,2822
AF-G4VA12-F1-model_v4,40.58,2835
AF-A0A3Q0KJI3-F1-model_v4,37.27,2851
AF-A0A3Q0KJG7-F1-model_v4,40.53,2858
AF-A0A5K4F4L5-F1-model_v4,64.45,2859
AF-A0A3Q0KJS3-F1-model_v4,35.25,2872
AF-G4VES1-F1-model_v4,34.27,2874
AF-A0A3Q0KC86-F1-model_v4,41.21,2878
AF-A0A5K4ER44-F1-model_v4,40.89,2880
AF-A0A3Q0KVF2-F1-model_v4,35.65,2894
AF-A0A3Q0KEB3-F1-model_v4,36.34,2915
AF-A0A5K4EBQ3-F1-model_v4,57.48,2917
AF-A0A5K4F3M5-F1-model_v4,67.89,2925
AF-A0A3Q0KMM7-F1-model_v4,55.56,2932
AF-G4M023-F1-model_v4,79.16,2933
AF-A0A3Q0KKL6-F1-model_v4,38.33,2936
AF-A0A5K4FBR5-F1-model_v4,52.85,2965
AF-A0A3Q0KMA4-F1-model_v4,29.88,2967
AF-A0A5K4ERM4-F1-model_v4,43.22,2982
AF-A0A3Q0KP43-F1-model_v4,57.64,2983
AF-A0A5K4FAZ5-F1-model_v4,92.18,2986
AF-A0A3Q0KMK5-F1-model_v4,44.81,2986
AF-A0A5K4EPK2-F1-model_v4,72.88,3011
AF-A0A5K4ECE7-F1-model_v4,41.72,3011
AF-A0A5K4F104-F1-model_v4,48.13,3030
AF-A0A5K4FB28-F1-model_v4,31.05,3031
AF-A0A3Q0KC41-F1-model_v4,50.88,3044
AF-A0A3Q0KPR9-F1-model_v4,32.01,3050
AF-A0A3Q0KLJ8-F1-model_v4,42.96,3052
AF-A0A5K4EVU8-F1-model_v4,31.58,3052
AF-A0A3Q0KUY4-F1-model_v4,31.71,3060
AF-A0A3Q0KUT3-F1-model_v4,34.52,3077
AF-A0A5K4EMC7-F1-model_v4,37.1,3077
AF-G4LWW1-F1-model_v4,35.16,3086
AF-A0A3Q0KGD8-F1-model_v4,35.86,3087
AF-A0A5K4ENT0-F1-model_v4,42.84,3087
AF-A0A5K4F4J9-F1-model_v4,34.2,3090
AF-A0A3Q0KM77-F1-model_v4,41.74,3099
AF-A0A5K4F0L6-F1-model_v4,33.98,3105
AF-E7BBH9-F1-model_v4,45.0,3106
AF-A0A5K4F2V5-F1-model_v4,32.57,3129
AF-G4VPS5-F1-model_v4,38.22,3139
AF-A0A3Q0KJU6-F1-model_v4,30.5,3143
AF-A0A3Q0KSI4-F1-model_v4,31.48,3152
AF-G4VQK1-F1-model_v4,34.56,3153
AF-G4LX03-F1-model_v4,54.46,3154
AF-G4VHD9-F1-model_v4,36.79,3156
AF-A0A5K4ENE1-F1-model_v4,37.28,3165
AF-A0A3Q0KM62-F1-model_v4,31.61,3166
AF-A0A3Q0KRR9-F1-model_v4,117.87,3173
AF-G4VLW1-F1-model_v4,38.19,3173
AF-A0A5K4F0B1-F1-model_v4,80.49,3178
AF-P53470-F1-model_v4,34.99,3179
AF-G4VJ99-F1-model_v4,37.18,3196
AF-A0A5K4FAH9-F1-model_v4,31.55,3197
AF-A0A3Q0KDU1-F1-model_v4,144.88,3208
AF-P53471-F1-model_v4,37.97,3214
AF-A0A5K4F0H9-F1-model_v4,122.71,3230
AF-G4VMD4-F1-model_v4,30.81,3233
AF-A0A3Q0KET6-F1-model_v4,30.38,3235
AF-G4VG40-F1-model_v4,103.25,3252
AF-G4LWI3-F1-model_v4,60.64,3255
AF-A0A3Q0KI04-F1-model_v4,43.18,3260
AF-A0A5K4EPX5-F1-model_v4,40.76,3269
AF-G4M044-F1-model_v4,71.17,3291
AF-A0A5K4EMY1-F1-model_v4,32.17,3293
AF-A0A5K4FBW7-F1-model_v4,35.92,3301
AF-C4QFX9-F1-model_v4,39.33,3308
AF-A0A3Q0KC95-F1-model_v4,39.48,3308
AF-A0A3Q0KKP4-F1-model_v4,42.2,3316
AF-A0A3Q0KLX8-F1-model_v4,42.75,3319
AF-A0A3Q0KRN9-F1-model_v4,56.01,3342
AF-A0A3Q0KEY1-F1-model_v4,41.65,3343
AF-G4LW91-F1-model_v4,34.21,3345
AF-A0A3Q0KRX5-F1-model_v4,40.19,3355
AF-A0A3Q0KH21-F1-model_v4,33.49,3359
AF-A0A5K4ET58-F1-model_v4,30.23,3366
AF-A0A3Q0KMK9-F1-model_v4,33.04,3407
AF-A0A5K4F6A2-F1-model_v4,31.36,3409
AF-A0A5K4FBS3-F1-model_v4,72.42,3436
AF-A0A3Q0KLJ7-F1-model_v4,37.74,3439
AF-G4VCN8-F1-model_v4,61.38,3445
AF-A0A3Q0KQT8-F1-model_v4,40.75,3454
AF-G4VQ30-F1-model_v4,36.09,3454
AF-A0A3Q0KRL8-F1-model_v4,40.87,3458
AF-A0A5K4FFE7-F1-model_v4,31.88,3474
AF-G4V6E6-F1-model_v4,41.47,3482
AF-A0A3Q0KK01-F1-model_v4,50.09,3496
AF-G4V5L4-F1-model_v4,39.89,3499
AF-A0A5K4EP53-F1-model_v4,41.35,3520
AF-A0A3Q0KCS6-F1-model_v4,39.99,3539
AF-G4V9I5-F1-model_v4,44.08,3539
AF-A0A3Q0KLW3-F1-model_v4,31.36,3544
AF-A0A5K4F5T6-F1-model_v4,83.71,3545
AF-Q94757-F1-model_v4,40.01,3546
AF-A0A5K4FA05-F1-model_v4,41.35,3552
AF-A0A5K4F868-F1-model_v4,34.02,3563
AF-A0A3Q0KPW4-F1-model_v4,38.18,3593
AF-G4VN20-F1-model_v4,50.46,3597
AF-A0A5K4F3L9-F1-model_v4,31.23,3608
AF-G4LX39-F1-model_v4,42.12,3615
AF-A0A3Q0KPD2-F1-model_v4,49.45,3629
AF-A0A3Q0KKE9-F1-model_v4,51.49,3666
AF-A0A5K4EQR1-F1-model_v4,32.48,3702
AF-A0A5K4ED28-F1-model_v4,32.46,3704
AF-G4VHK8-F1-model_v4,30.03,3711
AF-A0A3Q0KJ48-F1-model_v4,47.74,3731
AF-A0A5K4EKL2-F1-model_v4,51.71,3762
AF-A0A5K4EDG0-F1-model_v4,35.27,3767
AF-A0A3Q0KIL0-F1-model_v4,32.16,3777
AF-G4VF75-F1-model_v4,46.59,3781
AF-A0A3Q0KV99-F1-model_v4,38.67,3783
AF-A0A3Q0KFC1-F1-model_v4,31.78,3794
AF-A0A5K4FFP2-F1-model_v4,40.26,3813
AF-A0A3Q0KNR2-F1-model_v4,38.71,3815
AF-A0A5K4ETY1-F1-model_v4,45.97,3818
AF-A0A3Q0KRN3-F1-model_v4,50.26,3819
AF-A0A5K4F2D0-F1-model_v4,53.32,3844
AF-A0A5K4EU92-F1-model_v4,49.46,3865
AF-G4M0F5-F1-model_v4,65.86,3873
AF-A0A5K4EZZ4-F1-model_v4,33.6,3933
AF-G4VI74-F1-model_v4,36.23,3940
AF-A0A5K4FC39-F1-model_v4,34.44,3966
AF-A0A5K4EDT5-F1-model_v4,36.17,3968
AF-A0A3Q0KRG1-F1-model_v4,38.09,4024
AF-A0A5K4F9N1-F1-model_v4,51.38,4036
AF-A0A3Q0KSY6-F1-model_v4,43.53,4051
AF-G4V721-F1-model_v4,36.62,4052
AF-A0A3Q0KHV1-F1-model_v4,37.57,4057
AF-A0A3Q0KRZ6-F1-model_v4,38.45,4071
AF-A0A3Q0KPA6-F1-model_v4,49.45,4078
AF-G4LZ93-F1-model_v4,48.91,4102
AF-A0A3Q0KR71-F1-model_v4,31.93,4111
AF-A0A5K4EQ53-F1-model_v4,78.2,4117
AF-A0A3Q0KSZ8-F1-model_v4,45.69,4125
AF-A0A3Q0KRI0-F1-model_v4,32.03,4174
AF-A0A3Q0KUF1-F1-model_v4,55.65,4196
AF-A0A5K4F139-F1-model_v4,30.68,4199
AF-G4V910-F1-model_v4,34.24,4215
AF-A0A3Q0KPA9-F1-model_v4,54.5,4224
AF-G4VNT2-F1-model_v4,36.25,4229
AF-A0A3Q0KPK2-F1-model_v4,38.23,4264
AF-A0A5K4EK41-F1-model_v4,39.49,4301
AF-A0A3Q0KM82-F1-model_v4,30.54,4308
AF-A0A3Q0KHG3-F1-model_v4,37.68,4395
AF-A0A5K4F4Y8-F1-model_v4,53.4,4396
AF-A0A5K4F9E4-F1-model_v4,48.68,4404
AF-Q27778-F1-model_v4,55.78,4418
AF-A0A5K4ELB8-F1-model_v4,42.81,4458
AF-A0A5K4FBN1-F1-model_v4,34.87,4500
AF-G4M039-F1-model_v4,37.66,4503
AF-A0A5K4F5D8-F1-model_v4,51.62,4529
AF-A0A5K4FCI3-F1-model_v4,32.32,4529
AF-G4VKA6-F1-model_v4,49.54,4530
AF-A0A5K4F761-F1-model_v4,30.92,4597
AF-A0A3Q0KK62-F1-model_v4,35.18,4614
AF-P08418-F1-model_v4,37.38,4623
AF-A0A5K4F8D2-F1-model_v4,29.85,4624
AF-A0A5K4F5D3-F1-model_v4,33.19,4657
AF-A0A5K4F1Y0-F1-model_v4,33.32,4674
AF-A0A3Q0KES3-F1-model_v4,59.34,4683
AF-A0A5K4ECX3-F1-model_v4,60.32,4686
AF-A0A5K4F3U4-F1-model_v4,32.45,4707
AF-A0A3Q0KF43-F1-model_v4,48.27,4722
AF-A0A3Q0KP53-F1-model_v4,61.03,4743
AF-G4LY63-F1-model_v4,52.55,4745
AF-A0A5K4EL73-F1-model_v4,41.34,4789
AF-A0A3Q0KKS2-F1-model_v4,40.83,4834
AF-A0A5K4EN73-F1-model_v4,56.71,4864
AF-A0A5K4F0P8-F1-model_v4,36.95,4881
AF-A0A3Q0KCM5-F1-model_v4,45.47,4906
AF-A0A5K4E9R8-F1-model_v4,32.43,4911
AF-A0A3Q0KEP8-F1-model_v4,112.46,4917
AF-A0A3Q0KLM1-F1-model_v4,54.81,4918
AF-A0A3Q0KBR4-F1-model_v4,73.63,4942
AF-A0A3Q0KJL0-F1-model_v4,63.02,4994
AF-G4V825-F1-model_v4,30.18,5058
AF-A0A3Q0KG70-F1-model_v4,78.23,5114
AF-G4VC18-F1-model_v4,62.36,5185
AF-A0A5K4FAK0-F1-model_v4,51.66,5223
AF-A0A3Q0KIZ3-F1-model_v4,56.56,5249
AF-A0A3Q0KNL7-F1-model_v4,53.09,5332
AF-A0A5K4F9J1-F1-model_v4,70.55,5434
AF-G4VS85-F1-model_v4,48.38,5456
AF-A0A5K4F7C6-F1-model_v4,32.75,5473
AF-A0A5K4FDN6-F1-model_v4,32.11,5476
AF-A0A3Q0KR84-F1-model_v4,116.46,5482
AF-A0A3Q0KU92-F1-model_v4,36.72,5490
AF-A0A5K4FAG7-F1-model_v4,31.51,5551
AF-A0A5K4EXL5-F1-model_v4,37.93,5574
AF-G4VN23-F1-model_v4,31.5,5583
AF-A0A3Q0KSZ4-F1-model_v4,45.69,5614
AF-A0A3Q0KMZ1-F1-model_v4,31.27,5652
AF-A0A5K4EQ70-F1-model_v4,30.05,5689
AF-A0A3Q0KRW0-F1-model_v4,36.45,5782
AF-A0A5K4F0I9-F1-model_v4,41.91,5878
AF-A0A5K4EAX0-F1-model_v4,44.59,5913
AF-A0A5K4EYZ8-F1-model_v4,34.89,5935
AF-G4VCM2-F1-model_v4,51.15,6088
AF-A0A5K4FAY3-F1-model_v4,46.35,6109
AF-A0A3Q0KRK3-F1-model_v4,33.84,6140
AF-A0A3Q0KD42-F1-model_v4,73.57,6160
AF-A0A3Q0KEX5-F1-model_v4,37.44,6265
AF-A0A5K4F2S2-F1-model_v4,40.89,6282
AF-A0A5K4F234-F1-model_v4,31.45,6411
AF-A0A3Q0KC14-F1-model_v4,35.27,6763
AF-A0A5K4F5A0-F1-model_v4,47.23,6779
AF-A0A3Q0KND4-F1-model_v4,35.42,7791
AF-A0A5K4EPJ1-F1-model_v4,46.1,9062
AF-A0A5K4EP41-F1-model_v4,40.89,9088
AF-A0A3Q0KNB2-F1-model_v4,35.75,9130
AF-A0A3Q0KU51-F1-model_v4,54.38,11792
AF-A0A3Q0KK47-F1-model_v4,34.01,12407
AF-A0A5K4F5C0-F1-model_v4,36.79,15055
